dist;name;north_Y_;east_X_;height;layer;Type;Width;Dam_width;Slope_cleaned;Dam_Slope;SlopeMovWin_cleaned;Dam_SlopeMovWin;Sinuosity_MovWin;Dam_SinuosityMovWin;Sinuosity140;Dam_Sinuosity140;SinuosityCustom;Dam_SinuosityCustom
0;;;;;;No Dam;20;NA;1.876;NA;2.66;NA;1.001;NA;1;NA;1.042;NA
9.838797242;;;;;;No Dam;17;NA;1.876;NA;1.785;NA;1.001;NA;1;NA;1.042;NA
12.94367771;dam1;6983702.292;561757.34;174.341;soknaicedamsurv4;Ice Dam;17;17;1.876;1.876;1.669;1.669;1.001;1.001;1;1;1.042;1.42..
19.83879724;;;;;;No Dam;16;NA;1.876;NA;1.289;NA;1.001;NA;1;NA;1.042;NA
29.81420975;;;;;;No Dam;13;NA;1.694;NA;1.82;NA;1;NA;1;NA;1.042;NA
39.81420975;;;;;;No Dam;14;NA;1.694;NA;1.595;NA;1;NA;1;NA;1.042;NA
49.81420975;;;;;;No Dam;17;NA;0.562;NA;0.564;NA;1;NA;1;NA;1.042;NA
59.81420975;;;;;;No Dam;17;NA;0.562;NA;0.016;NA;1;NA;1;NA;1.042;NA
69.81420975;;;;;;No Dam;19;NA;0.943;NA;0.946;NA;1;NA;1;NA;1.042;NA
79.82624961;;;;;;No Dam;22;NA;0.943;NA;1.158;NA;1.001;NA;1;NA;1.042;NA
89.82624961;;;;;;No Dam;24;NA;0.662;NA;0.666;NA;1.001;NA;1;NA;1.042;NA
99.82624961;;;;;;No Dam;25;NA;0.662;NA;1.636;NA;1.002;NA;1;NA;1.042;NA
109.8262496;;;;;;No Dam;24;NA;2.183;NA;2.196;NA;1.003;NA;1;NA;1.042;NA
119.8262496;;;;;;No Dam;22;NA;2.183;NA;2.137;NA;1.004;NA;1;NA;1.042;NA
119.9684159;dam2;6983679.316;561861.574;173.137;soknaicedamsurv4;Ice Dam;22;22;2.122;2.122;2.137;2.137;1.004;1.004;1;1;1.042;1.42..
129.8262496;;;;;;No Dam;19;NA;2.122;NA;2.135;NA;1.005;NA;1;NA;1.042;NA
139.8611436;;;;;;No Dam;20;NA;1.867;NA;2.227;NA;1.007;NA;1.038;NA;1.042;NA
149.8611436;;;;;;No Dam;18;NA;1.867;NA;1.888;NA;1.009;NA;1.038;NA;1.042;NA
152.083789;dam3;6983678.165;561894.824;172.182;soknaicedamsurv4;Ice Dam;17;17;1.867;1.867;0.997;0.997;1.009;1.009;1.038;1.038;1.042;1.42
159.8611436;;;;;;No Dam;16;NA;2.804;NA;1.519;NA;1.011;NA;1.038;NA;1.042;NA
169.903573;;;;;;No Dam;18;NA;2.804;NA;2.821;NA;1.014;NA;1.038;NA;1.042;NA
174.8729145;dam4;6983678.34;561918.646;171.917;soknaicedamsurv4;Ice Dam;16;16;2.804;2.804;2.123;2.123;1.015;1.015;1.038;1.038;1.042;1.42
179.903573;;;;;;No Dam;16;NA;1.853;NA;2.208;NA;1.019;NA;1.038;NA;1.042;NA
188.5319525;dam5;6983679.992;561932.217;171.632;soknaicedamsurv4;Ice Dam;16;16;1.853;1.853;3.034;3.034;1.024;1.024;1.038;1.038;1.042;1.42
189.903573;;;;;;No Dam;16;NA;1.853;NA;1.855;NA;1.025;NA;1.038;NA;1.042;NA
199.9488959;;;;;;No Dam;17;NA;1.555;NA;2.467;NA;1.035;NA;1.038;NA;1.042;NA
207.3004058;dam6;6983682.209;561951.833;171.268;soknaicedamsurv4;Ice Dam;17;17;1.555;1.555;1.316;1.316;1.039;1.039;1.038;1.038;1.042;1.42
209.9488959;;;;;;No Dam;18;NA;1.555;NA;1.65;NA;1.04;NA;1.038;NA;1.042;NA
214.9276947;soknadam2;6983683.884;561959.272;170.927;soknaicedamsurv4;Ice Dam;16;16;1.555;1.555;1.36;1.36;1.043;1.043;1.038;1.038;1.042;1.42
219.9488959;;;;;;No Dam;17;NA;1.781;NA;1.356;NA;1.043;NA;1.038;NA;1.042;NA
229.6062569;dam8;6983687.16;561974.364;170.716;soknaicedamsurv4;Ice Dam;16;16;1.781;1.781;1.797;1.797;1.04;1.04;1.038;1.038;1.042;1.42
229.9834019;;;;;;No Dam;16;NA;1.781;NA;1.647;NA;1.04;NA;1.038;NA;1.042;NA
236.6717145;dam9;6983689.06;561982.186;170.704;soknaicedamsurv4;Ice Dam;18;18;1.781;1.781;2.274;2.274;1.036;1.036;1.038;1.038;1.042;1.42
240.0229858;;;;;;No Dam;18;NA;1.544;NA;1.663;NA;1.034;NA;1.038;NA;1.042;NA
250.089687;;;;;;No Dam;17;NA;1.544;NA;1.624;NA;1.04;NA;1.038;NA;1.042;NA
260.089687;;;;;;No Dam;19;NA;1.76;NA;1.804;NA;1.043;NA;1.038;NA;1.042;NA
270.1550829;;;;;;No Dam;20;NA;1.76;NA;1.765;NA;1.037;NA;1.038;NA;1.042;NA
270.6258856;dam10;6983708.837;562013.674;169.924;soknaicedamsurv4;Ice Dam;20;20;1.76;1.76;1.518;1.518;1.037;1.037;1.038;1.038;1.042;1.42
280.1550829;;;;;;No Dam;19;NA;0.111;NA;0.865;NA;1.032;NA;1.182;NA;1.315;NA
290.1117918;;;;;;No Dam;22;NA;0.111;NA;0.112;NA;1.024;NA;1.182;NA;1.315;NA
300.1117918;;;;;;No Dam;25;NA;0.112;NA;0.051;NA;1.018;NA;1.182;NA;1.315;NA
310.0480296;;;;;;No Dam;26;NA;0.112;NA;0.111;NA;1.018;NA;1.182;NA;1.315;NA
340.1633279;;;;;;No Dam;18;NA;0.377;NA;0.221;NA;1.022;NA;1.182;NA;1.315;NA
350.1068414;;;;;;No Dam;19;NA;0.377;NA;0.39;NA;1.087;NA;1.182;NA;1.315;NA
360.1011523;;;;;;Ice Dam;19;19;1.509;NA;0.871;NA;1.451;NA;1.182;NA;1.315;NA
360.1068414;;;;;;No Dam;19;NA;1.509;NA;1.471;NA;1.474;NA;1.182;NA;1.315;NA
370.1429515;GPS0001;6983771.43;562074.462;168.57;soknaicedamsurvy;No Dam;17;NA;1.837;1.837;1.685;1.685;1.509;1.509;1.182;1.182;1.315;1.315
380.0369875;;;;;;No Dam;16;NA;1.837;NA;1.685;NA;1.509;NA;1.182;NA;1.315;NA
389.9367334;;;;;;No Dam;15;NA;1.837;NA;2.272;NA;1.539;NA;1.182;NA;1.315;NA
399.7266253;;;;;;No Dam;19;NA;1.425;NA;1.575;NA;1.575;NA;1.182;NA;1.315;NA
409.6612094;;;;;;No Dam;24;NA;1.425;NA;0.989;NA;1.565;NA;1.182;NA;1.315;NA
415.2864188;;;;;;Ice Dam;22;22;5.15;NA;2.908;NA;1.51;NA;1.182;NA;1.315;NA
419.6376275;;;;;;No Dam;18;NA;5.15;NA;5.149;NA;1.464;NA;1.182;NA;1.315;NA
429.6482404;GPS0002;6983776.145;562112.91;168.066;soknaicedamsurvy;No Dam;15;NA;5.15;5.15;5.287;5.287;1.441;1.441;1.182;1.182;1.315;1.315
439.6482404;;;;;;No Dam;14;NA;1.643;NA;4.713;NA;1.422;NA;1.068;NA;1.315;NA
449.7129216;;;;;;No Dam;16;NA;1.643;NA;1.649;NA;1.383;NA;1.068;NA;1.315;NA
459.6541715;;;;;;No Dam;16;NA;0.225;NA;0.019;NA;1.349;NA;1.068;NA;1.434;NA
469.6548292;;;;;;No Dam;24;NA;0.225;NA;0.22;NA;1.267;NA;1.068;NA;1.434;NA
479.6619691;;;;;;No Dam;23;NA;1.028;NA;0.561;NA;1.135;NA;1.068;NA;1.434;NA
489.7141828;;;;;;No Dam;21;NA;1.028;NA;1.071;NA;1.056;NA;1.068;NA;1.434;NA
499.7141828;;;;;;No Dam;24;NA;1.858;NA;1.455;NA;1.062;NA;1.068;NA;1.434;NA
509.7141828;;;;;;No Dam;24;NA;1.858;NA;1.86;NA;1.07;NA;1.068;NA;1.434;NA
519.7141828;;;;;;No Dam;24;NA;1.572;NA;2.356;NA;1.079;NA;1.068;NA;1.434;NA
529.7141828;;;;;;No Dam;22;NA;1.572;NA;1.684;NA;1.074;NA;1.068;NA;1.434;NA
539.7592042;;;;;;No Dam;20;NA;2.231;NA;1.525;NA;1.076;NA;1.068;NA;1.434;NA
549.8141814;;;;;;No Dam;22;NA;2.231;NA;2.132;NA;1.096;NA;1.068;NA;1.434;NA
559.8836782;;;;;;No Dam;22;NA;1.891;NA;1.759;NA;1.114;NA;1.068;NA;1.434;NA
561.8565183;;;;;;Ice Dam;23;23;1.891;NA;1.892;NA;1.124;NA;1.068;NA;1.434;NA
569.8836782;;;;;;No Dam;23;NA;1.896;NA;2.468;NA;1.139;NA;1.078;NA;1.434;NA
579.9649569;dam003;6983676.742;562215.86;164.006;soknaicedamsurvy;No Dam;21;NA;1.896;1.896;2.435;2.435;1.142;1.142;1.078;1.078;1.434;1.434
588.6946261;;;;;;Ice Dam;20;20;1.896;NA;2.141;NA;1.151;NA;1.078;NA;1.434;NA
589.9649569;;;;;;No Dam;20;NA;2.197;NA;1.404;NA;1.155;NA;1.078;NA;1.434;NA
600.0562468;dam004;6983680.661;562243.926;163.639;soknaicedamsurvy;No Dam;19;NA;2.197;2.197;2.16;2.16;1.16;1.16;1.078;1.078;1.434;1.434
610.1320862;;;;;;No Dam;20;NA;2.197;NA;1.954;NA;1.159;NA;1.078;NA;1.434;NA
614.7854026;;;;;;Ice Dam;20;20;0.979;NA;1.408;NA;1.147;NA;1.078;NA;1.434;NA
620.1320862;;;;;;No Dam;21;NA;0.979;NA;0.983;NA;1.129;NA;1.078;NA;1.434;NA
630.1823434;dam005;6983694.079;562270.111;162.991;soknaicedamsurvy;No Dam;22;NA;0.979;0.979;1.538;1.538;1.116;1.116;1.078;1.078;1.434;1.434
640.1823434;;;;;;No Dam;22;NA;0.986;NA;1.407;NA;1.099;NA;1.078;NA;1.434;NA
650.1823434;;;;;;No Dam;25;NA;0.986;NA;0.911;NA;1.078;NA;1.078;NA;1.434;NA
653.9822986;;;;;;Ice Dam;25;25;1.662;NA;0.961;NA;1.056;NA;1.078;NA;1.434;NA
660.2506751;;;;;;No Dam;25;NA;1.662;NA;1.783;NA;1.036;NA;1.078;NA;1.434;NA
670.2506751;dam006;6983723.987;562301.583;161.377;soknaicedamsurvy;No Dam;23;NA;1.662;1.662;1.704;1.704;1.031;1.031;1.078;1.078;1.434;1.434
680.2291655;;;;;;No Dam;22;NA;0.57;NA;1.512;NA;1.023;NA;1.078;NA;1.434;NA
690.2291655;;;;;;No Dam;27;NA;0.57;NA;0.409;NA;1.014;NA;1.078;NA;1.434;NA
700.2291655;;;;;;No Dam;31;NA;0.375;NA;0.243;NA;1.009;NA;1.078;NA;1.434;NA
710.2291655;;;;;;No Dam;34;NA;0.375;NA;0.389;NA;1.007;NA;1.078;NA;1.434;NA
720.2291655;;;;;;No Dam;35;NA;0.885;NA;0.534;NA;1.005;NA;1.003;NA;1.434;NA
730.2529529;;;;;;No Dam;35;NA;0.885;NA;0.745;NA;1.004;NA;1.003;NA;1.434;NA
740.2529529;;;;;;No Dam;36;NA;1.11;NA;1.214;NA;1.003;NA;1.003;NA;1.434;NA
750.274396;;;;;;No Dam;35;NA;1.11;NA;1.275;NA;1.003;NA;1.003;NA;1.434;NA
760.274396;;;;;;No Dam;34;NA;2.308;NA;1.805;NA;1.003;NA;1.003;NA;1.434;NA
770.274396;;;;;;No Dam;30;NA;2.308;NA;2.028;NA;1.003;NA;1.003;NA;1.009;NA
780.274396;;;;;;No Dam;26;NA;2.358;NA;1.823;NA;1.003;NA;1.003;NA;1.009;NA
790.2351305;;;;;;No Dam;23;NA;2.358;NA;2.306;NA;1.004;NA;1.003;NA;1.009;NA
796.3131843;;;;;;Ice Dam;22;22;3.814;NA;3.161;NA;1.005;NA;1.003;NA;1.009;NA
800.2351305;;;;;;No Dam;22;NA;3.814;NA;3.863;NA;1.007;NA;1.003;NA;1.009;NA
810.2351305;dam007;6983854.429;562357.751;165.683;soknaicedamsurvy;No Dam;17;NA;3.814;3.814;3.615;3.615;1.009;1.009;1.003;1.003;1.009;1.9
820.2351305;;;;;;No Dam;16;NA;1.16;NA;3.78;NA;1.01;NA;1.003;NA;1.009;NA
830.2036066;;;;;;No Dam;17;NA;1.16;NA;0.674;NA;1.012;NA;1.003;NA;1.009;NA
840.2036066;;;;;;No Dam;17;NA;1.643;NA;0.163;NA;1.012;NA;1.003;NA;1.009;NA
850.1770167;;;;;;No Dam;15;NA;1.643;NA;2.527;NA;1.012;NA;1.003;NA;1.009;NA
853.4784481;;;;;;Ice Dam;15;15;0.785;NA;1.67;NA;1.011;NA;1.002;NA;1.009;NA
860.1535355;;;;;;No Dam;17;NA;0.785;NA;0.226;NA;1.008;NA;1.002;NA;1.009;NA
870.1535355;dam008;6983896.894;562394.228;162.454;soknaicedamsurvy;No Dam;19;NA;0.785;0.785;0.148;0.148;1.007;1.007;1.002;1.002;1.009;1.9
880.1535355;;;;;;No Dam;23;NA;1.069;NA;0.866;NA;1.006;NA;1.002;NA;1.009;NA
890.1535355;;;;;;No Dam;24;NA;1.069;NA;1.144;NA;1.005;NA;1.002;NA;1.009;NA
900.1535355;;;;;;No Dam;26;NA;0.653;NA;0.581;NA;1.004;NA;1.002;NA;1.009;NA
910.1535355;;;;;;No Dam;28;NA;0.653;NA;0.541;NA;1.002;NA;1.002;NA;1.009;NA
920.1535355;;;;;;No Dam;27;NA;1.012;NA;0.835;NA;1.002;NA;1.002;NA;1.009;NA
930.1897885;;;;;;No Dam;27;NA;1.012;NA;1.205;NA;1.001;NA;1.002;NA;1.009;NA
940.1897885;;;;;;No Dam;28;NA;2.016;NA;1.645;NA;1.002;NA;1.002;NA;1.009;NA
950.1897885;;;;;;No Dam;29;NA;2.016;NA;2.159;NA;1.002;NA;1.002;NA;1.009;NA
960.1897885;;;;;;No Dam;30;NA;1.391;NA;1.666;NA;1.001;NA;1.002;NA;1.009;NA
970.1897885;;;;;;No Dam;29;NA;1.391;NA;1.168;NA;1.001;NA;1.002;NA;1.009;NA
980.1897885;;;;;;No Dam;30;NA;1.562;NA;1.328;NA;1.001;NA;1.002;NA;1.009;NA
990.1897885;;;;;;No Dam;29;NA;1.562;NA;1.466;NA;1.001;NA;1.002;NA;1.009;NA
1000.189788;;;;;;No Dam;27;NA;1.766;NA;2.18;NA;1.001;NA;1.002;NA;1.009;NA
1010.189788;;;;;;No Dam;26;NA;1.766;NA;1.539;NA;1.001;NA;1.002;NA;1.009;NA
1020.153188;;;;;;No Dam;26;NA;0.592;NA;0.372;NA;1.002;NA;1.002;NA;1.009;NA
1030.153188;;;;;;No Dam;27;NA;0.592;NA;0.441;NA;1.002;NA;1.002;NA;1.009;NA
1040.153188;;;;;;No Dam;27;NA;0.764;NA;0.646;NA;1.001;NA;1.002;NA;1.009;NA
1050.153188;;;;;;No Dam;28;NA;0.764;NA;0.614;NA;1.002;NA;1.002;NA;1.075;NA
1060.153188;;;;;;No Dam;31;NA;0.342;NA;0.657;NA;1.002;NA;1.002;NA;1.075;NA
1070.185041;;;;;;No Dam;34;NA;0.342;NA;0.443;NA;1.003;NA;1.002;NA;1.075;NA
1080.184576;;;;;;No Dam;35;NA;0.422;NA;0.574;NA;1.004;NA;1.002;NA;1.075;NA
1090.184576;;;;;;No Dam;33;NA;0.422;NA;0.654;NA;1.005;NA;1.002;NA;1.075;NA
1100.209943;;;;;;No Dam;33;NA;0.799;NA;0.745;NA;1.008;NA;1.002;NA;1.075;NA
1110.209943;;;;;;No Dam;33;NA;0.799;NA;0.716;NA;1.01;NA;1.002;NA;1.075;NA
1120.238485;;;;;;No Dam;34;NA;1.126;NA;1.162;NA;1.011;NA;1.002;NA;1.075;NA
1130.238485;;;;;;No Dam;35;NA;1.126;NA;1.3;NA;1.012;NA;1.002;NA;1.075;NA
1140.262987;;;;;;No Dam;34;NA;1.702;NA;0.917;NA;1.016;NA;1.081;NA;1.075;NA
1150.262987;;;;;;No Dam;32;NA;1.702;NA;1.625;NA;1.058;NA;1.081;NA;1.075;NA
1160.277091;;;;;;No Dam;31;NA;1.288;NA;1.704;NA;1.074;NA;1.081;NA;1.075;NA
1170.277091;;;;;;No Dam;32;NA;1.288;NA;1.515;NA;1.086;NA;1.081;NA;1.075;NA
1180.277091;;;;;;No Dam;34;NA;1.225;NA;1.185;NA;1.09;NA;1.081;NA;1.075;NA
1190.346213;;;;;;No Dam;42;NA;1.225;NA;0.939;NA;1.088;NA;1.081;NA;1.075;NA
1200.362494;;;;;;No Dam;30;NA;0.943;NA;1.156;NA;1.082;NA;1.081;NA;1.075;NA
1210.362494;;;;;;No Dam;26;NA;0.943;NA;1.216;NA;1.077;NA;1.081;NA;1.075;NA
1220.362494;;;;;;No Dam;22;NA;1.261;NA;1.237;NA;1.07;NA;1.081;NA;1.075;NA
1226.511993;;;;;;Ice Dam;21;21;1.261;NA;1.216;NA;1.061;NA;1.081;NA;1.075;NA
1230.361075;;;;;;No Dam;20;NA;1.907;NA;1.235;NA;1.053;NA;1.081;NA;1.261;NA
1240.357532;dam009;6984197.47;562578.492;155.9;soknaicedamsurvy;No Dam;18;NA;1.907;1.907;1.452;1.452;1.049;1.049;1.081;1.081;1.261;1.261
1250.356082;;;;;;No Dam;19;NA;1.907;NA;2.197;NA;1.047;NA;1.081;NA;1.261;NA
1260.358039;;;;;;No Dam;20;NA;1.253;NA;1.75;NA;1.043;NA;1.081;NA;1.261;NA
1270.349041;;;;;;No Dam;20;NA;1.253;NA;0.714;NA;1.057;NA;1.081;NA;1.261;NA
1280.335582;;;;;;No Dam;16;NA;1.88;NA;1.497;NA;1.06;NA;1.105;NA;1.261;NA
1290.311025;;;;;;No Dam;12;NA;1.88;NA;2.144;NA;1.058;NA;1.105;NA;1.261;NA
1300.311025;;;;;;No Dam;12;NA;2.665;NA;2.68;NA;1.058;NA;1.105;NA;1.261;NA
1310.21972;;;;;;No Dam;15;NA;2.665;NA;2.654;NA;1.065;NA;1.105;NA;1.261;NA
1320.246611;;;;;;No Dam;15;NA;2.426;NA;2.423;NA;1.072;NA;1.105;NA;1.261;NA
1330.246611;;;;;;No Dam;17;NA;2.426;NA;2.256;NA;1.088;NA;1.105;NA;1.261;NA
1335.740668;;;;;;Ice Dam;18;18;4.005;NA;2.262;NA;1.112;NA;1.105;NA;1.261;NA
1340.257282;;;;;;No Dam;19;NA;4.005;NA;3.932;NA;1.116;NA;1.105;NA;1.261;NA
1350.257282;dam010;6984303.185;562585.874;151.817;soknaicedamsurvy;No Dam;20;NA;4.005;4.005;3.964;3.964;1.112;1.112;1.105;1.105;1.261;1.261
1354.777777;;;;;;Ice Dam;21;21;2.274;NA;4.188;NA;1.109;NA;1.105;NA;1.261;NA
1360.130385;;;;;;No Dam;20;NA;2.274;NA;2.349;NA;1.102;NA;1.105;NA;1.261;NA
1370.130385;dam011;6984322.961;562593.984;152.686;soknaicedamsurvy;No Dam;19;NA;2.274;2.274;2.632;2.632;1.098;1.098;1.105;1.105;1.261;1.261
1379.984113;;;;;;No Dam;16;NA;2.436;NA;2.775;NA;1.098;NA;1.105;NA;1.261;NA
1389.984113;;;;;;No Dam;18;NA;2.436;NA;2.944;NA;1.094;NA;1.105;NA;1.261;NA
1399.455354;;;;;;Ice Dam;19;19;1.879;NA;1.437;NA;1.081;NA;1.105;NA;1.261;NA
1399.976456;;;;;;No Dam;19;NA;1.879;NA;1.53;NA;1.082;NA;1.105;NA;1.261;NA
1409.976456;dam012;6984343.618;562635.323;152.985;soknaicedamsurvy;No Dam;16;NA;3.453;3.453;2.437;2.437;1.078;1.078;1.004;1.004;1.261;1.261
1419.976456;;;;;;No Dam;26;NA;3.453;NA;2.26;NA;1.077;NA;1.004;NA;1.261;NA
1429.920056;;;;;;No Dam;23;NA;3.453;NA;4.066;NA;1.062;NA;1.004;NA;1.261;NA
1439.920056;;;;;;No Dam;33;NA;0.84;NA;2.397;NA;1.037;NA;1.004;NA;1.261;NA
1449.904406;;;;;;No Dam;35;NA;0.84;NA;0.23;NA;1.018;NA;1.004;NA;1.261;NA
1459.904406;;;;;;No Dam;35;NA;0.076;NA;0.338;NA;1.009;NA;1.004;NA;1.261;NA
1469.904406;;;;;;No Dam;36;NA;0.076;NA;0.387;NA;1.004;NA;1.004;NA;1.261;NA
1479.934532;;;;;;No Dam;37;NA;1.363;NA;1.083;NA;1.004;NA;1.004;NA;1.261;NA
1489.934532;;;;;;No Dam;37;NA;1.363;NA;1.175;NA;1.004;NA;1.004;NA;1.261;NA
1499.934532;;;;;;No Dam;40;NA;0.876;NA;1.238;NA;1.004;NA;1.004;NA;1.261;NA
1509.980068;;;;;;No Dam;40;NA;0.876;NA;0.867;NA;1.004;NA;1.004;NA;1.261;NA
1519.980068;;;;;;No Dam;40;NA;1.236;NA;0.74;NA;1.004;NA;1.004;NA;1.133;NA
1529.980068;;;;;;No Dam;42;NA;1.236;NA;1.111;NA;1.004;NA;1.004;NA;1.133;NA
1540;;;;;;No Dam;41;NA;1.572;NA;1.414;NA;1.003;NA;1.004;NA;1.133;NA
1544.160685;;;;;;Ice Dam;40;40;1.572;NA;1.946;NA;1.003;NA;1.004;NA;1.133;NA
1550;;;;;;No Dam;39;NA;2.079;NA;2.3;NA;1.002;NA;1.002;NA;1.133;NA
1560;dam013;6984382.34;562773.121;149.208;soknaicedamsurvy;No Dam;36;NA;2.079;2.079;2.22;2.22;1.002;1.002;1.002;1.002;1.133;1.133.
1570;;;;;;No Dam;34;NA;2.079;NA;1.984;NA;1.002;NA;1.002;NA;1.133;NA
1580;;;;;;No Dam;31;NA;4.344;NA;3.023;NA;1.001;NA;1.002;NA;1.133;NA
1582.968675;;;;;;Ice Dam;29;29;4.344;NA;3.976;NA;1.001;NA;1.002;NA;1.133;NA
1590;;;;;;No Dam;25;NA;1.289;NA;2.748;NA;1.001;NA;1.002;NA;1.133;NA
1600;dam014;6984374.597;562815.881;148.981;soknaicedamsurvy;No Dam;20;NA;1.289;1.289;3.17;3.17;1.001;1.001;1.002;1.002;1.133;1.133.
1610;;;;;;No Dam;22;NA;1.289;NA;1.161;NA;1.002;NA;1.002;NA;1.133;NA
1620;;;;;;No Dam;24;NA;0.626;NA;1.169;NA;1.002;NA;1.002;NA;1.133;NA
1630;;;;;;No Dam;26;NA;0.626;NA;0.857;NA;1.002;NA;1.002;NA;1.133;NA
1640;;;;;;No Dam;26;NA;1.551;NA;1.097;NA;1.002;NA;1.002;NA;1.133;NA
1650;;;;;;No Dam;25;NA;1.551;NA;1.439;NA;1.001;NA;1.002;NA;1.133;NA
1660;;;;;;No Dam;26;NA;1.785;NA;1.782;NA;1.001;NA;1.002;NA;1.133;NA
1670;;;;;;No Dam;26;NA;1.785;NA;1.832;NA;1.001;NA;1.002;NA;1.133;NA
1674.51385;;;;;;Ice Dam;26;26;2.224;NA;1.824;NA;1.002;NA;1.002;NA;1.133;NA
1680;;;;;;No Dam;25;NA;2.224;NA;3.092;NA;1.003;NA;1.002;NA;1.133;NA
1690;dam015;6984405.512;562903.182;148.539;soknaicedamsurvy;No Dam;23;NA;2.224;2.224;2.25;2.25;1.003;1.003;1.033;1.033;1.133;1.133.
1700;;;;;;No Dam;21;NA;2.151;NA;2.444;NA;1.004;NA;1.033;NA;1.133;NA
1706.788969;;;;;;Ice Dam;22;22;2.151;NA;1.051;NA;1.006;NA;1.033;NA;1.133;NA
1710;;;;;;No Dam;23;NA;1.56;NA;1.48;NA;1.011;NA;1.033;NA;1.133;NA
1720;dam016;6984409.831;562934.285;149.04;soknaicedamsurvy;No Dam;21;NA;1.56;1.56;1.983;1.983;1.014;1.014;1.033;1.033;1.133;1.133.
1730;;;;;;No Dam;20;NA;1.56;NA;1.591;NA;1.015;NA;1.033;NA;1.133;NA
1733.690282;;;;;;Ice Dam;18;18;2.053;NA;2.074;NA;1.021;NA;1.033;NA;1.133;NA
1740;;;;;;No Dam;14;NA;2.053;NA;1.832;NA;1.026;NA;1.033;NA;1.133;NA
1750;dam017;6984417.396;562958.65;152.039;soknaicedamsurvy;No Dam;18;NA;2.053;2.053;1.462;1.462;1.029;1.029;1.033;1.033;1.133;1.133.
1760;;;;;;No Dam;19;NA;0.38;NA;0.752;NA;1.033;NA;1.033;NA;1.133;NA
1770;;;;;;No Dam;18;NA;0.38;NA;1.898;NA;1.038;NA;1.033;NA;1.133;NA
1771.204739;;;;;;Ice Dam;18;18;2.029;NA;2.035;NA;1.042;NA;1.033;NA;1.133;NA
1780;;;;;;No Dam;20;NA;2.029;NA;1.262;NA;1.043;NA;1.033;NA;1.133;NA
1788.300736;dam018;6984434.258;562989.791;147.481;soknaicedamsurvy;Ice Dam;21;21;2.029;2.029;1.527;1.527;1.043;1.043;1.033;1.033;1.133;1.133
1790;;;;;;No Dam;22;NA;1.755;NA;0.988;NA;1.041;NA;1.033;NA;1.133;NA
1800;dam019;6984445.697;563000.974;146.562;soknaicedamsurvy;No Dam;24;NA;1.755;1.755;1.769;1.769;1.036;1.036;1.033;1.033;1.133;1.133.
1806.680739;;;;;;Ice Dam;25;25;1.755;NA;1.794;NA;1.035;NA;1.033;NA;1.133;NA
1810;;;;;;No Dam;25;NA;3.555;NA;3.648;NA;1.027;NA;1.033;NA;1.133;NA
1820;dam020;6984458.803;563011.966;150.039;soknaicedamsurvy;No Dam;25;NA;3.555;3.555;3.402;3.402;1.024;1.024;1.033;1.033;1.133;1.133.
1830;;;;;;No Dam;26;NA;3.555;NA;4.05;NA;1.023;NA;1.033;NA;1.133;NA
1837.539667;;;;;;Ice Dam;26;26;2.846;NA;2.475;NA;1.015;NA;1.004;NA;1.133;NA
1840;;;;;;No Dam;26;NA;2.846;NA;2.094;NA;1.012;NA;1.004;NA;1.133;NA
1850;dam021;6984486.28;563024.945;153.603;soknaicedamsurvy;No Dam;25;NA;2.846;2.846;2.667;2.667;1.009;1.009;1.004;1.004;1.133;1.133.
1860;;;;;;No Dam;24;NA;1.496;NA;2.566;NA;1.008;NA;1.004;NA;1.133;NA
1870;;;;;;No Dam;22;NA;1.496;NA;1.572;NA;1.005;NA;1.004;NA;1.133;NA
1880;;;;;;No Dam;22;NA;2.19;NA;1.973;NA;1.004;NA;1.004;NA;1.133;NA
1888.532911;;;;;;Ice Dam;22;22;2.19;NA;2.594;NA;1.004;NA;1.004;NA;1.133;NA
1890;;;;;;No Dam;22;NA;2.234;NA;2.165;NA;1.004;NA;1.004;NA;1.133;NA
1900;dam022;6984527.356;563055.622;135.581;soknaicedamsurvy;No Dam;24;NA;2.234;2.234;2.091;2.091;1.006;1.006;1.004;1.004;1.133;1.133.
1910;;;;;;No Dam;23;NA;2.234;NA;1.626;NA;1.006;NA;1.004;NA;1.133;NA
1920;;;;;;No Dam;25;NA;1.216;NA;1.454;NA;1.009;NA;1.004;NA;1.133;NA
1928.427651;;;;;;Ice Dam;26;26;1.216;NA;1.037;NA;1.011;NA;1.004;NA;1.133;NA
1930;;;;;;No Dam;26;NA;2.004;NA;0.912;NA;1.013;NA;1.004;NA;1.133;NA
1940;dam023;6984564.708;563067.487;145.292;soknaicedamsurvy;No Dam;26;NA;2.004;2.004;1.831;1.831;1.014;1.014;1.004;1.004;1.133;1.133.
1950;;;;;;No Dam;28;NA;2.004;NA;2.035;NA;1.014;NA;1.004;NA;1.133;NA
1955.340369;;;;;;Ice Dam;28;28;1.346;NA;2.558;NA;1.014;NA;1.004;NA;1.133;NA
1960;;;;;;No Dam;28;NA;1.346;NA;1.337;NA;1.013;NA;1.001;NA;1.133;NA
1970;dam024;6984589.114;563072.558;146.298;soknaicedamsurvy;No Dam;25;NA;1.346;1.346;1.289;1.289;1.012;1.012;1.001;1.001;1.133;1.133.
1980;;;;;;No Dam;21;NA;2.13;NA;1.346;NA;1.011;NA;1.001;NA;1.133;NA
1984.810989;;;;;;Ice Dam;21;21;2.13;NA;2.211;NA;1.011;NA;1.001;NA;1.133;NA
1990;;;;;;No Dam;24;NA;1.939;NA;2.237;NA;1.009;NA;1.001;NA;1.133;NA
2000;dam025;6984616.975;563079.125;145.004;soknaicedamsurvy;No Dam;21;NA;1.939;1.939;1.95;1.95;1.009;1.009;1.001;1.001;1.133;1.133.
2005.475177;;;;;;Ice Dam;20;20;1.939;NA;2.16;NA;1.008;NA;1.001;NA;1.133;NA
2010;;;;;;No Dam;19;NA;2.978;NA;3.297;NA;1.005;NA;1.001;NA;1.133;NA
2020;dam026;6984636.963;563082.072;144.05;soknaicedamsurvy;No Dam;20;NA;2.978;2.978;2.696;2.696;1.004;1.004;1.001;1.001;1.133;1.133.
2030;;;;;;No Dam;21;NA;2.978;NA;3.323;NA;1.003;NA;1.001;NA;1.133;NA
2040;;;;;;No Dam;22;NA;1.066;NA;1.504;NA;1.001;NA;1.001;NA;1.133;NA
2050;;;;;;No Dam;26;NA;1.066;NA;0.581;NA;1.001;NA;1.001;NA;1.133;NA
2060;;;;;;No Dam;25;NA;0.686;NA;0.998;NA;1.001;NA;1.001;NA;1.076;NA
2070;;;;;;No Dam;23;NA;0.686;NA;0.705;NA;1.001;NA;1.001;NA;1.076;NA
2080;;;;;;No Dam;25;NA;2.74;NA;1.891;NA;1.001;NA;1.001;NA;1.076;NA
2090;;;;;;No Dam;26;NA;2.74;NA;2.857;NA;1.002;NA;1.001;NA;1.076;NA
2100;;;;;;No Dam;25;NA;0.738;NA;1.231;NA;1.002;NA;1.001;NA;1.076;NA
2110;;;;;;No Dam;24;NA;0.738;NA;0.956;NA;1.002;NA;1.011;NA;1.076;NA
2110.321839;;;;;;Ice Dam;24;24;1.312;NA;1.478;NA;1.003;NA;1.011;NA;1.076;NA
2120;;;;;;No Dam;25;NA;1.312;NA;1.13;NA;1.003;NA;1.011;NA;1.076;NA
2130;dam027;6984742.309;563086.636;139.538;soknaicedamsurvy;No Dam;25;NA;1.312;1.312;1.039;1.039;1.003;1.003;1.011;1.011;1.076;1.76.
2140;;;;;;No Dam;25;NA;1.31;NA;1.378;NA;1.005;NA;1.011;NA;1.076;NA
2150;;;;;;No Dam;25;NA;1.31;NA;1.376;NA;1.006;NA;1.011;NA;1.076;NA
2160;;;;;;No Dam;26;NA;2.016;NA;1.479;NA;1.009;NA;1.011;NA;1.076;NA
2170;;;;;;No Dam;25;NA;2.016;NA;1.68;NA;1.01;NA;1.011;NA;1.076;NA
2178.45936;;;;;;Ice Dam;24;24;2.121;NA;1.927;NA;1.011;NA;1.011;NA;1.076;NA
2180;;;;;;No Dam;24;NA;2.121;NA;2.699;NA;1.012;NA;1.011;NA;1.076;NA
2190;dam028;6984810.571;563097.097;138.683;soknaicedamsurvy;No Dam;24;NA;3.19;3.19;2.177;2.177;1.013;1.013;1.011;1.011;1.076;1.76.
2200;;;;;;No Dam;24;NA;3.19;NA;2.213;NA;1.013;NA;1.011;NA;1.076;NA
2206.474371;;;;;;Ice Dam;24;24;3.19;NA;2.671;NA;1.012;NA;1.011;NA;1.076;NA
2210;;;;;;No Dam;25;NA;1.09;NA;2.995;NA;1.012;NA;1.011;NA;1.076;NA
2220;dam029;6984837.898;563109.502;140.049;soknaicedamsurvy;No Dam;24;NA;1.09;1.09;1.194;1.194;1.012;1.012;1.011;1.011;1.076;1.76.
2230;;;;;;No Dam;26;NA;1.09;NA;1.254;NA;1.013;NA;1.011;NA;1.076;NA
2240;;;;;;No Dam;25;NA;1.026;NA;0.933;NA;1.014;NA;1.011;NA;1.076;NA
2250;;;;;;No Dam;24;NA;1.026;NA;1.247;NA;1.017;NA;1.024;NA;1.076;NA
2260;;;;;;No Dam;26;NA;1.382;NA;1.457;NA;1.018;NA;1.024;NA;1.076;NA
2270;;;;;;No Dam;25;NA;1.382;NA;1.396;NA;1.018;NA;1.024;NA;1.076;NA
2273.588141;;;;;;Ice Dam;25;25;1.624;NA;1.262;NA;1.02;NA;1.024;NA;1.076;NA
2280;;;;;;No Dam;24;NA;1.624;NA;1.367;NA;1.021;NA;1.024;NA;1.076;NA
2289.90736;dam030;6984898.07;563141.626;136.836;soknaicedamsurvy;Ice Dam;24;24;1.624;1.624;1.296;1.296;1.022;1.022;1.024;1.024;1.076;1.76
2290;;;;;;No Dam;24;NA;1.29;NA;1.465;NA;1.023;NA;1.024;NA;1.076;NA
2300;dam031;6984909.082;563157.336;136.743;soknaicedamsurvy;No Dam;21;NA;1.29;1.29;1.531;1.531;1.024;1.024;1.024;1.024;1.076;1.76.
2310;;;;;;No Dam;22;NA;1.29;NA;1.498;NA;1.024;NA;1.024;NA;1.076;NA
2320;;;;;;No Dam;26;NA;0.263;NA;0.732;NA;1.024;NA;1.024;NA;1.076;NA
2330;;;;;;No Dam;26;NA;0.263;NA;0.064;NA;1.022;NA;1.024;NA;1.076;NA
2340;;;;;;No Dam;23;NA;0.156;NA;0.1;NA;1.018;NA;1.024;NA;1.076;NA
2350;;;;;;No Dam;24;NA;0.156;NA;0.142;NA;1.012;NA;1.024;NA;1.076;NA
2360;;;;;;No Dam;24;NA;0.002;NA;0.017;NA;1.008;NA;1.024;NA;1.076;NA
2370;;;;;;No Dam;26;NA;0.002;NA;0.061;NA;1.007;NA;1.024;NA;1.076;NA
2380;;;;;;No Dam;27;NA;0.179;NA;0.04;NA;1.007;NA;1.024;NA;1.076;NA
2390;;;;;;No Dam;29;NA;0.179;NA;0.071;NA;1.008;NA;1.023;NA;1.076;NA
2400;;;;;;No Dam;37;NA;0.252;NA;0.3;NA;1.007;NA;1.023;NA;1.076;NA
2410;;;;;;No Dam;37;NA;0.252;NA;0.341;NA;1.006;NA;1.023;NA;1.076;NA
2420;;;;;;No Dam;39;NA;0.511;NA;0.446;NA;1.006;NA;1.023;NA;1.076;NA
2422.796485;;;;;;Ice Dam;38;38;0.511;NA;0.981;NA;1.006;NA;1.023;NA;1.286;NA
2430;;;;;;No Dam;38;NA;1.524;NA;1.794;NA;1.011;NA;1.023;NA;1.286;NA
2440;dam032;6984977.549;563272.323;136.518;soknaicedamsurvy;No Dam;38;NA;1.524;1.524;1.98;1.98;1.014;1.014;1.023;1.023;1.286;1.286.
2450;;;;;;No Dam;36;NA;1.524;NA;1.448;NA;1.019;NA;1.023;NA;1.286;NA
2460;;;;;;No Dam;35;NA;1.624;NA;0.811;NA;1.027;NA;1.023;NA;1.286;NA
2470;;;;;;No Dam;15;NA;1.624;NA;1.802;NA;1.039;NA;1.023;NA;1.286;NA
2480;;;;;;No Dam;16;NA;4.933;NA;5.579;NA;1.049;NA;1.023;NA;1.286;NA
2490;;;;;;No Dam;37;NA;4.933;NA;4.604;NA;1.054;NA;1.023;NA;1.286;NA
2494.37875;;;;;;Ice Dam;33;33;3.233;NA;2.177;NA;1.057;NA;1.023;NA;1.286;NA
2500;;;;;;No Dam;25;NA;3.233;NA;3.288;NA;1.053;NA;1.023;NA;1.286;NA
2510;dam033;6985007.373;563334.08;140.216;soknaicedamsurvy;No Dam;18;NA;3.233;3.233;3.028;3.028;1.051;1.051;1.023;1.023;1.286;1.286.
2520;;;;;;No Dam;15;NA;0.676;NA;2.044;NA;1.048;NA;1.023;NA;1.286;NA
2530;;;;;;No Dam;14;NA;0.676;NA;0.055;NA;1.054;NA;1.058;NA;1.286;NA
2540;;;;;;No Dam;18;NA;0.435;NA;0.153;NA;1.059;NA;1.058;NA;1.286;NA
2550;;;;;;No Dam;21;NA;0.435;NA;0.227;NA;1.062;NA;1.058;NA;1.286;NA
2560;;;;;;No Dam;23;NA;1.756;NA;0.602;NA;1.058;NA;1.058;NA;1.286;NA
2570;;;;;;No Dam;25;NA;1.756;NA;1.766;NA;1.052;NA;1.058;NA;1.286;NA
2580;;;;;;No Dam;21;NA;0.811;NA;2.22;NA;1.051;NA;1.058;NA;1.286;NA
2590;;;;;;No Dam;20;NA;0.811;NA;1.773;NA;1.055;NA;1.058;NA;1.286;NA
2600;;;;;;No Dam;19;NA;2.625;NA;2.425;NA;1.06;NA;1.058;NA;1.286;NA
2606.116687;;;;;;Ice Dam;20;20;2.625;NA;1.592;NA;1.067;NA;1.058;NA;1.286;NA
2610;;;;;;No Dam;20;NA;0.67;NA;1.214;NA;1.078;NA;1.058;NA;1.286;NA
2620;dam034;6985106.412;563365.641;136.119;soknaicedamsurvy;No Dam;22;NA;0.67;0.67;0.892;0.892;1.082;1.082;1.058;1.058;1.286;1.286.
2630;;;;;;No Dam;24;NA;0.67;NA;0.775;NA;1.084;NA;1.058;NA;1.286;NA
2640;;;;;;No Dam;27;NA;0.064;NA;0.103;NA;1.083;NA;1.058;NA;1.286;NA
2650;;;;;;No Dam;31;NA;0.064;NA;0.08;NA;1.069;NA;1.058;NA;1.286;NA
2660;;;;;;No Dam;32;NA;0.205;NA;0.178;NA;1.046;NA;1.058;NA;1.286;NA
2670;;;;;;No Dam;36;NA;0.205;NA;0.347;NA;1.037;NA;1.004;NA;1.286;NA
2680;;;;;;No Dam;38;NA;1.995;NA;0.952;NA;1.032;NA;1.004;NA;1.286;NA
2690;;;;;;No Dam;38;NA;1.995;NA;1.915;NA;1.027;NA;1.004;NA;1.286;NA
2700;;;;;;No Dam;43;NA;1.393;NA;1.369;NA;1.022;NA;1.004;NA;1.286;NA
2710;;;;;;No Dam;45;NA;1.393;NA;1.51;NA;1.016;NA;1.004;NA;1.286;NA
2720;;;;;;No Dam;46;NA;1.575;NA;1.649;NA;1.011;NA;1.004;NA;1.286;NA
2730;;;;;;No Dam;50;NA;1.575;NA;1.848;NA;1.006;NA;1.004;NA;1.286;NA
2740;;;;;;No Dam;46;NA;3.251;NA;2.786;NA;1.003;NA;1.004;NA;1.286;NA
2750;;;;;;No Dam;41;NA;3.251;NA;3.033;NA;1.001;NA;1.004;NA;1.286;NA
2760;;;;;;No Dam;37;NA;1.515;NA;2.586;NA;1.001;NA;1.004;NA;1.286;NA
2763.55497;;;;;;Ice Dam;35;35;1.515;NA;1.414;NA;1;NA;1.004;NA;1.012;NA
2770;;;;;;No Dam;29;NA;1.978;NA;1.855;NA;1;NA;1.004;NA;1.012;NA
2780;dam035;6985244.841;563302.422;132.501;soknaicedamsurvy;No Dam;29;NA;1.978;1.978;1.956;1.956;1;1;1.004;1.004;1.012;1.12...
2790;;;;;;No Dam;28;NA;1.978;NA;2.752;NA;1;NA;1.004;NA;1.012;NA
2800;;;;;;No Dam;26;NA;2.034;NA;1.889;NA;1;NA;1.004;NA;1.012;NA
2810;;;;;;No Dam;23;NA;2.034;NA;1.489;NA;1.001;NA;1.013;NA;1.012;NA
2820;;;;;;No Dam;24;NA;1.492;NA;1.936;NA;1.003;NA;1.013;NA;1.012;NA
2830;;;;;;No Dam;24;NA;1.492;NA;1.38;NA;1.004;NA;1.013;NA;1.012;NA
2835.60215;;;;;;Ice Dam;23;23;2.388;NA;1.913;NA;1.007;NA;1.013;NA;1.012;NA
2840;;;;;;No Dam;23;NA;2.388;NA;2.572;NA;1.01;NA;1.013;NA;1.012;NA
2850;dam036;6985302.295;563259.021;129.343;soknaicedamsurvy;No Dam;22;NA;2.388;2.388;3.054;3.054;1.011;1.011;1.013;1.013;1.012;1.12.
2860;;;;;;No Dam;22;NA;1.664;NA;1.842;NA;1.012;NA;1.013;NA;1.012;NA
2870;;;;;;No Dam;21;NA;1.664;NA;1.565;NA;1.013;NA;1.013;NA;1.012;NA
2880;;;;;;No Dam;23;NA;0.839;NA;1.447;NA;1.013;NA;1.013;NA;1.012;NA
2890;;;;;;No Dam;23;NA;0.839;NA;0.94;NA;1.012;NA;1.013;NA;1.012;NA
2891.740227;;;;;;Ice Dam;24;24;1.563;NA;0.088;NA;1.01;NA;1.013;NA;1.012;NA
2900;;;;;;No Dam;25;NA;1.563;NA;1.236;NA;1.009;NA;1.013;NA;1.012;NA
2910;dam037;6985349.52;563236.064;127.858;soknaicedamsurvy;No Dam;23;NA;1.563;1.563;0.978;0.978;1.008;1.008;1.013;1.013;1.012;1.12.
2920;;;;;;No Dam;26;NA;0.146;NA;1.561;NA;1.007;NA;1.013;NA;1.012;NA
2930;;;;;;No Dam;25;NA;0.146;NA;0.279;NA;1.005;NA;1.013;NA;1.012;NA
2940;;;;;;No Dam;26;NA;0.122;NA;0.074;NA;1.004;NA;1.013;NA;1.037;NA
2950;;;;;;No Dam;29;NA;0.122;NA;0.078;NA;1.004;NA;1.004;NA;1.037;NA
2960;;;;;;No Dam;29;NA;0.075;NA;0.033;NA;1.005;NA;1.004;NA;1.037;NA
2970;;;;;;No Dam;32;NA;0.075;NA;0.046;NA;1.006;NA;1.004;NA;1.037;NA
2980;;;;;;No Dam;34;NA;0.376;NA;0.206;NA;1.006;NA;1.004;NA;1.037;NA
2990;;;;;;No Dam;32;NA;0.376;NA;0.744;NA;1.006;NA;1.004;NA;1.037;NA
3000;;;;;;No Dam;31;NA;1.213;NA;0.771;NA;1.005;NA;1.004;NA;1.037;NA
3010;;;;;;No Dam;30;NA;1.213;NA;1.061;NA;1.004;NA;1.004;NA;1.037;NA
3020;;;;;;No Dam;29;NA;1.434;NA;1.691;NA;1.005;NA;1.004;NA;1.037;NA
3030;;;;;;No Dam;29;NA;1.434;NA;1.231;NA;1.005;NA;1.004;NA;1.037;NA
3040;;;;;;No Dam;29;NA;1.916;NA;1.402;NA;1.005;NA;1.004;NA;1.037;NA
3050;;;;;;No Dam;28;NA;1.916;NA;1.584;NA;1.005;NA;1.004;NA;1.037;NA
3060;;;;;;No Dam;28;NA;1.762;NA;1.983;NA;1.006;NA;1.004;NA;1.037;NA
3070;;;;;;No Dam;25;NA;1.762;NA;2.319;NA;1.007;NA;1.004;NA;1.037;NA
3080;;;;;;No Dam;24;NA;0.963;NA;1.629;NA;1.009;NA;1.004;NA;1.037;NA
3090;;;;;;No Dam;27;NA;0.963;NA;0.335;NA;1.009;NA;1.008;NA;1.037;NA
3100;;;;;;No Dam;31;NA;0.034;NA;0.164;NA;1.011;NA;1.008;NA;1.037;NA
3110;;;;;;No Dam;31;NA;0.034;NA;0.018;NA;1.011;NA;1.008;NA;1.037;NA
3120;;;;;;No Dam;35;NA;0.498;NA;0.298;NA;1.011;NA;1.008;NA;1.037;NA
3130;;;;;;No Dam;35;NA;0.498;NA;0.476;NA;1.009;NA;1.008;NA;1.037;NA
3140;;;;;;No Dam;37;NA;1.239;NA;1.253;NA;1.009;NA;1.008;NA;1.037;NA
3150;;;;;;No Dam;36;NA;1.239;NA;1.676;NA;1.008;NA;1.008;NA;1.037;NA
3160;;;;;;No Dam;36;NA;1.231;NA;1.575;NA;1.008;NA;1.008;NA;1.037;NA
3170;;;;;;No Dam;35;NA;1.231;NA;0.886;NA;1.007;NA;1.008;NA;1.037;NA
3178.547189;;;;;;Ice Dam;37;37;1.251;NA;0.925;NA;1.005;NA;1.008;NA;1.037;NA
3180;;;;;;No Dam;38;NA;1.251;NA;1.417;NA;1.004;NA;1.008;NA;1.037;NA
3190;GPS0003;6985559.798;563054.148;126.842;soknaicedamsurvy;No Dam;41;NA;1.217;1.217;1.701;1.701;1.003;1.003;1.008;1.008;1.037;1.37.
3200;;;;;;No Dam;41;NA;1.217;NA;1.788;NA;1.003;NA;1.008;NA;1.037;NA
3210;;;;;;No Dam;39;NA;1.217;NA;1.155;NA;1.002;NA;1.008;NA;1.037;NA
3218.054593;;;;;;Ice Dam;40;40;1.601;NA;1.094;NA;1.002;NA;1.008;NA;1.037;NA
3220;;;;;;No Dam;40;NA;1.601;NA;1.616;NA;1.001;NA;1.005;NA;1.037;NA
3230;GPS0004;6985574.874;563019.084;125.852;soknaicedamsurvy;No Dam;36;NA;2.17;2.17;1.829;1.829;1.001;1.001;1.005;1.005;1.037;1.37.
3240;;;;;;No Dam;31;NA;2.17;NA;1.989;NA;1.001;NA;1.005;NA;1.037;NA
3250;;;;;;No Dam;29;NA;2.17;NA;1.859;NA;1.001;NA;1.005;NA;1.037;NA
3260;;;;;;No Dam;33;NA;1.097;NA;1.361;NA;1.001;NA;1.005;NA;1.037;NA
3270;;;;;;No Dam;34;NA;1.097;NA;1.145;NA;1.001;NA;1.005;NA;1.037;NA
3280;;;;;;No Dam;34;NA;1.547;NA;1.314;NA;1.002;NA;1.005;NA;1.037;NA
3286.552248;;;;;;Ice Dam;33;33;1.547;NA;1.641;NA;1.004;NA;1.005;NA;1.073;NA
3290;;;;;;No Dam;32;NA;1.877;NA;2.122;NA;1.008;NA;1.005;NA;1.073;NA
3298.498616;GPS0005;6985607.038;562958.126;122.069;soknaicedamsurvy;Ice Dam;30;30;1.877;1.877;1.893;1.893;1.01;1.01;1.005;1.005;1.073;1.73
3300;;;;;;No Dam;30;NA;1.877;NA;2.06;NA;1.011;NA;1.005;NA;1.073;NA
3310;GPS0006;6985612.577;562947.55;121.517;soknaicedamsurvy;No Dam;28;NA;2.209;2.209;2.01;2.01;1.013;1.013;1.005;1.005;1.073;1.73.
3320;;;;;;No Dam;26;NA;2.209;NA;2.106;NA;1.013;NA;1.005;NA;1.073;NA
3330;;;;;;No Dam;25;NA;2.209;NA;1.806;NA;1.014;NA;1.005;NA;1.073;NA
3333.108335;;;;;;Ice Dam;25;25;1.188;NA;1.567;NA;1.016;NA;1.005;NA;1.073;NA
3340;;;;;;No Dam;24;NA;1.188;NA;1.803;NA;1.018;NA;1.005;NA;1.073;NA
3347.355153;GPS0007;6985635.368;562918.543;122.812;soknaicedamsurvy;Ice Dam;22;22;1.188;1.188;2.579;2.579;1.019;1.019;1.005;1.005;1.073;1.73
3350;;;;;;No Dam;23;NA;1.888;NA;1.951;NA;1.02;NA;1.005;NA;1.073;NA
3360;GPS0008;6985647.471;562908.226;123.41;soknaicedamsurvy;No Dam;23;NA;1.888;1.888;1.596;1.596;1.023;1.023;1.031;1.031;1.073;1.73.
3370;;;;;;No Dam;25;NA;1.888;NA;1.445;NA;1.024;NA;1.031;NA;1.073;NA
3376.704105;;;;;;Ice Dam;22;22;1.302;NA;1.04;NA;1.028;NA;1.031;NA;1.073;NA
3380;;;;;;No Dam;23;NA;1.302;NA;1.515;NA;1.035;NA;1.031;NA;1.073;NA
3390;GPS0009;6985670.802;562890.374;121.778;soknaicedamsurvy;No Dam;21;NA;0.748;0.748;1.121;1.121;1.038;1.038;1.031;1.031;1.073;1.73.
3399.536422;;;;;;Ice Dam;23;23;0.748;NA;0.96;NA;1.039;NA;1.031;NA;1.073;NA
3400;;;;;;No Dam;23;NA;0.748;NA;0.577;NA;1.038;NA;1.031;NA;1.073;NA
3410;GPS0010;6985689.828;562876.255;121.037;soknaicedamsurvy;No Dam;23;NA;0.257;0.257;0.459;0.459;1.037;1.037;1.031;1.031;1.073;1.73.
3420;;;;;;No Dam;24;NA;0.257;NA;0.383;NA;1.037;NA;1.031;NA;1.073;NA
3430;;;;;;No Dam;27;NA;0.257;NA;0.173;NA;1.032;NA;1.031;NA;1.073;NA
3440;;;;;;No Dam;23;NA;0.027;NA;0.137;NA;1.029;NA;1.031;NA;1.073;NA
3450;;;;;;No Dam;27;NA;0.027;NA;0.067;NA;1.027;NA;1.031;NA;1.073;NA
3460;;;;;;No Dam;29;NA;0.173;NA;0.033;NA;1.023;NA;1.031;NA;1.073;NA
3470;;;;;;No Dam;26;NA;0.173;NA;0.113;NA;1.018;NA;1.031;NA;1.073;NA
3480;;;;;;No Dam;32;NA;0.098;NA;0.104;NA;1.013;NA;1.031;NA;1.073;NA
3490;;;;;;No Dam;38;NA;0.098;NA;0.189;NA;1.009;NA;1.031;NA;1.073;NA
3500;;;;;;No Dam;31;NA;0.091;NA;0.203;NA;1.006;NA;1.031;NA;1.073;NA
3510;;;;;;No Dam;31;NA;0.091;NA;0.085;NA;1.004;NA;1.002;NA;1.073;NA
3520;;;;;;No Dam;34;NA;0.287;NA;0.362;NA;1.003;NA;1.002;NA;1.073;NA
3530;;;;;;No Dam;35;NA;0.287;NA;0.512;NA;1.003;NA;1.002;NA;1.073;NA
3540;;;;;;No Dam;38;NA;0.83;NA;0.727;NA;1.004;NA;1.002;NA;1.073;NA
3550;;;;;;No Dam;40;NA;0.83;NA;0.854;NA;1.004;NA;1.002;NA;1.073;NA
3560;;;;;;No Dam;36;NA;2.485;NA;1.718;NA;1.004;NA;1.002;NA;1.073;NA
3570;;;;;;No Dam;28;NA;2.485;NA;2.631;NA;1.003;NA;1.002;NA;1.073;NA
3580;;;;;;No Dam;24;NA;1.855;NA;2.749;NA;1.002;NA;1.002;NA;1.073;NA
3590;;;;;;No Dam;21;NA;1.855;NA;1.778;NA;1.002;NA;1.002;NA;1.073;NA
3600;;;;;;No Dam;20;NA;1.133;NA;0.941;NA;1.002;NA;1.002;NA;1.073;NA
3610;;;;;;No Dam;21;NA;1.133;NA;1.109;NA;1.002;NA;1.002;NA;1.073;NA
3620;;;;;;No Dam;22;NA;0.472;NA;0.561;NA;1.003;NA;1.002;NA;1.073;NA
3630;;;;;;No Dam;23;NA;0.472;NA;0.429;NA;1.006;NA;1.002;NA;1.073;NA
3640;;;;;;No Dam;27;NA;0.885;NA;0.867;NA;1.009;NA;1.002;NA;1.073;NA
3650;;;;;;No Dam;26;NA;0.885;NA;0.58;NA;1.01;NA;1.009;NA;1.073;NA
3660;;;;;;No Dam;29;NA;0.418;NA;0.592;NA;1.009;NA;1.009;NA;1.073;NA
3670;;;;;;No Dam;36;NA;0.418;NA;0.552;NA;1.008;NA;1.009;NA;1.073;NA
3680;;;;;;No Dam;51;NA;1.143;NA;0.728;NA;1.008;NA;1.009;NA;1.073;NA
3690;;;;;;No Dam;52;NA;1.143;NA;1.378;NA;1.008;NA;1.009;NA;1.073;NA
3700;;;;;;No Dam;22;NA;2.328;NA;1.928;NA;1.008;NA;1.009;NA;1.073;NA
3706.365529;;;;;;Ice Dam;21;21;2.328;NA;2.872;NA;1.009;NA;1.009;NA;1.073;NA
3710;;;;;;No Dam;20;NA;2.434;NA;3.202;NA;1.011;NA;1.009;NA;1.073;NA
3720;GPS0011;6985994.673;562838.989;118.093;soknaicedamsurvy;No Dam;20;NA;2.434;2.434;3.049;3.049;1.012;1.012;1.009;1.009;1.073;1.73.
3730;;;;;;No Dam;17;NA;2.434;NA;2.525;NA;1.012;NA;1.009;NA;1.073;NA
3735.084542;;;;;;Ice Dam;16;16;2.221;NA;2.167;NA;1.012;NA;1.009;NA;1.073;NA
3740;;;;;;No Dam;15;NA;2.221;NA;1.151;NA;1.012;NA;1.009;NA;1.073;NA
3750;GPS0012;6986022.726;562840.927;117.265;soknaicedamsurvy;No Dam;17;NA;2.221;2.221;2.051;2.051;1.012;1.012;1.009;1.009;1.073;1.73.
3758.009938;;;;;;Ice Dam;17;17;2.181;NA;2.444;NA;1.012;NA;1.009;NA;1.073;NA
3760;;;;;;No Dam;17;NA;2.181;NA;2.465;NA;1.01;NA;1.009;NA;1.073;NA
3770;GPS0013;6986044.915;562838.107;117.109;soknaicedamsurvy;No Dam;15;NA;0.317;0.317;1.407;1.407;1.008;1.008;1.009;1.009;1.073;1.73.
3780;;;;;;No Dam;17;NA;0.317;NA;0.021;NA;1.008;NA;1.012;NA;1.073;NA
3790;;;;;;No Dam;41;NA;0.317;NA;0.369;NA;1.006;NA;1.012;NA;1.073;NA
3800;;;;;;No Dam;38;NA;0.36;NA;0.408;NA;1.007;NA;1.012;NA;1.073;NA
3810;;;;;;No Dam;39;NA;0.36;NA;0.293;NA;1.009;NA;1.012;NA;1.073;NA
3820;;;;;;No Dam;40;NA;1.158;NA;0.652;NA;1.011;NA;1.012;NA;1.073;NA
3830;;;;;;No Dam;41;NA;1.158;NA;1.089;NA;1.013;NA;1.012;NA;1.073;NA
3840;;;;;;No Dam;40;NA;0.702;NA;1.245;NA;1.013;NA;1.012;NA;1.073;NA
3850;;;;;;No Dam;41;NA;0.702;NA;1.001;NA;1.012;NA;1.012;NA;1.073;NA
3860;;;;;;No Dam;39;NA;0.953;NA;0.799;NA;1.009;NA;1.012;NA;1.073;NA
3870;;;;;;No Dam;38;NA;0.953;NA;1.015;NA;1.006;NA;1.012;NA;1.073;NA
3880;;;;;;No Dam;37;NA;1.102;NA;0.743;NA;1.005;NA;1.012;NA;1.073;NA
3890;;;;;;No Dam;37;NA;1.102;NA;0.76;NA;1.004;NA;1.012;NA;1.073;NA
3900;;;;;;No Dam;36;NA;0.981;NA;1.418;NA;1.003;NA;1.012;NA;1.073;NA
3906.49224;;;;;;Ice Dam;37;37;0.981;NA;1.222;NA;1.003;NA;1.012;NA;1.073;NA
3910;;;;;;No Dam;37;NA;0.749;NA;0.768;NA;1.003;NA;1.006;NA;1.012;NA
3920;GPS0014;6986193.963;562835.423;118.225;soknaicedamsurvy;No Dam;39;NA;0.749;0.749;0.615;0.615;1.004;1.004;1.006;1.006;1.012;1.12.
3930;;;;;;No Dam;40;NA;0.749;NA;0.567;NA;1.004;NA;1.006;NA;1.012;NA
3940;;;;;;No Dam;40;NA;0.77;NA;0.524;NA;1.005;NA;1.006;NA;1.012;NA
3950;;;;;;No Dam;40;NA;0.77;NA;0.712;NA;1.005;NA;1.006;NA;1.012;NA
3960;;;;;;No Dam;39;NA;0.396;NA;0.74;NA;1.005;NA;1.006;NA;1.012;NA
3970;;;;;;No Dam;41;NA;0.396;NA;0.729;NA;1.004;NA;1.006;NA;1.012;NA
3980;;;;;;No Dam;42;NA;0.518;NA;0.404;NA;1.005;NA;1.006;NA;1.012;NA
3990;;;;;;No Dam;44;NA;0.518;NA;0.372;NA;1.006;NA;1.006;NA;1.012;NA
4000;;;;;;No Dam;45;NA;0.379;NA;0.448;NA;1.007;NA;1.006;NA;1.012;NA
4010;;;;;;No Dam;47;NA;0.379;NA;0.456;NA;1.008;NA;1.006;NA;1.012;NA
4020;;;;;;No Dam;49;NA;0.951;NA;0.696;NA;1.008;NA;1.006;NA;1.012;NA
4030;;;;;;No Dam;52;NA;0.951;NA;1.153;NA;1.009;NA;1.006;NA;1.012;NA
4040;;;;;;No Dam;51;NA;1.41;NA;1.301;NA;1.009;NA;1.006;NA;1.012;NA
4050;;;;;;No Dam;47;NA;1.41;NA;1.243;NA;1.008;NA;1.006;NA;1.012;NA
4060;;;;;;No Dam;44;NA;1.987;NA;1.61;NA;1.006;NA;1.003;NA;1.012;NA
4070;;;;;;No Dam;42;NA;1.987;NA;2.06;NA;1.005;NA;1.003;NA;1.012;NA
4080;;;;;;No Dam;39;NA;1.183;NA;1.784;NA;1.004;NA;1.003;NA;1.012;NA
4089.876468;;;;;;Ice Dam;39;39;1.183;NA;0.872;NA;1.004;NA;1.003;NA;1.012;NA
4090;;;;;;No Dam;39;NA;0.749;NA;0.732;NA;1.004;NA;1.003;NA;1.012;NA
4100;GPS0015;6986366.641;562812.783;113.077;soknaicedamsurvy;No Dam;40;NA;0.749;0.749;0.525;0.525;1.003;1.003;1.003;1.003;1.012;1.12.
4110;;;;;;No Dam;41;NA;0.749;NA;0.525;NA;1.003;NA;1.003;NA;1.012;NA
4120;;;;;;No Dam;47;NA;0.812;NA;1.265;NA;1.003;NA;1.003;NA;1.012;NA
4130;;;;;;No Dam;47;NA;0.812;NA;0.92;NA;1.003;NA;1.003;NA;1.012;NA
4140;;;;;;No Dam;46;NA;0.53;NA;0.369;NA;1.003;NA;1.003;NA;1.012;NA
4150;;;;;;No Dam;46;NA;0.53;NA;0.462;NA;1.003;NA;1.003;NA;1.012;NA
4160;;;;;;No Dam;46;NA;0.451;NA;0.367;NA;1.003;NA;1.003;NA;1.012;NA
4170;;;;;;No Dam;47;NA;0.451;NA;0.458;NA;1.003;NA;1.003;NA;1.012;NA
4180;;;;;;No Dam;46;NA;0.604;NA;0.374;NA;1.003;NA;1.003;NA;1.076;NA
4190;;;;;;No Dam;44;NA;0.604;NA;0.587;NA;1.003;NA;1.003;NA;1.076;NA
4200;;;;;;No Dam;43;NA;0.858;NA;1.148;NA;1.003;NA;1.034;NA;1.076;NA
4210;;;;;;No Dam;41;NA;0.858;NA;1.081;NA;1.005;NA;1.034;NA;1.076;NA
4220;;;;;;No Dam;42;NA;1.097;NA;1.072;NA;1.007;NA;1.034;NA;1.076;NA
4230;;;;;;No Dam;41;NA;1.097;NA;1.132;NA;1.012;NA;1.034;NA;1.076;NA
4240;;;;;;No Dam;39;NA;1.077;NA;1.027;NA;1.016;NA;1.034;NA;1.076;NA
4250;;;;;;No Dam;37;NA;1.077;NA;1.227;NA;1.023;NA;1.034;NA;1.076;NA
4260;;;;;;No Dam;37;NA;1.35;NA;1.369;NA;1.028;NA;1.034;NA;1.076;NA
4270;;;;;;No Dam;38;NA;1.35;NA;1.114;NA;1.037;NA;1.034;NA;1.076;NA
4280;;;;;;No Dam;37;NA;1.399;NA;1.39;NA;1.044;NA;1.034;NA;1.076;NA
4290;;;;;;No Dam;36;NA;1.399;NA;1.421;NA;1.056;NA;1.034;NA;1.076;NA
4300;;;;;;No Dam;36;NA;0.947;NA;1.034;NA;1.063;NA;1.034;NA;1.076;NA
4310;;;;;;No Dam;35;NA;0.947;NA;0.811;NA;1.058;NA;1.034;NA;1.076;NA
4320;;;;;;No Dam;37;NA;1.001;NA;0.936;NA;1.057;NA;1.034;NA;1.076;NA
4330;;;;;;No Dam;42;NA;1.001;NA;1.136;NA;1.053;NA;1.034;NA;1.076;NA
4340;;;;;;No Dam;46;NA;1.246;NA;1.1;NA;1.047;NA;1.047;NA;1.076;NA
4350;;;;;;No Dam;49;NA;1.246;NA;1.095;NA;1.044;NA;1.047;NA;1.076;NA
4360;;;;;;No Dam;48;NA;0.568;NA;1.043;NA;1.043;NA;1.047;NA;1.076;NA
4370;;;;;;No Dam;43;NA;0.568;NA;0.717;NA;1.043;NA;1.047;NA;1.076;NA
4380;;;;;;No Dam;36;NA;1.198;NA;0.759;NA;1.042;NA;1.047;NA;1.076;NA
4388.392176;;;;;;Ice Dam;25;25;1.198;NA;1.236;NA;1.042;NA;1.047;NA;1.076;NA
4390;;;;;;No Dam;25;NA;1.659;NA;1.687;NA;1.043;NA;1.047;NA;1.076;NA
4400;GPS0016;6986650.874;562832.499;111.408;soknaicedamsurvy;No Dam;23;NA;1.659;1.659;2.064;2.064;1.047;1.047;1.047;1.047;1.076;1.76.
4410;;;;;;No Dam;22;NA;1.659;NA;2.072;NA;1.047;NA;1.047;NA;1.076;NA
4412.656226;;;;;;Ice Dam;22;22;1.707;NA;1.663;NA;1.048;NA;1.047;NA;1.076;NA
4420;;;;;;No Dam;22;NA;1.707;NA;1.254;NA;1.046;NA;1.047;NA;1.076;NA
4430;GPS0017;6986670.689;562840.81;111.799;soknaicedamsurvy;No Dam;24;NA;1.707;1.707;1.107;1.107;1.046;1.046;1.047;1.047;1.076;1.76.
4440;;;;;;No Dam;25;NA;0.81;NA;1.14;NA;1.045;NA;1.047;NA;1.076;NA
4450;;;;;;No Dam;53;NA;0.81;NA;1.208;NA;1.038;NA;1.047;NA;1.076;NA
4460;;;;;;No Dam;49;NA;1.579;NA;1.327;NA;1.034;NA;1.047;NA;1.076;NA
4470;;;;;;No Dam;41;NA;1.579;NA;1.193;NA;1.033;NA;1.047;NA;1.076;NA
4480;;;;;;No Dam;38;NA;1.781;NA;1.543;NA;1.039;NA;1.048;NA;1.076;NA
4490;;;;;;No Dam;34;NA;1.781;NA;1.685;NA;1.044;NA;1.048;NA;1.076;NA
4491.832329;;;;;;Ice Dam;33;33;2.021;NA;2.03;NA;1.048;NA;1.048;NA;1.076;NA
4500;;;;;;No Dam;32;NA;2.021;NA;2.991;NA;1.05;NA;1.048;NA;1.076;NA
4510;GPS0018;6986741.534;562875.123;112.566;soknaicedamsurvy;No Dam;25;NA;2.021;2.021;2.59;2.59;1.051;1.051;1.048;1.048;1.076;1.76.
4520;;;;;;No Dam;25;NA;0.994;NA;1.622;NA;1.054;NA;1.048;NA;1.076;NA
4530;;;;;;No Dam;27;NA;0.994;NA;0.072;NA;1.055;NA;1.048;NA;1.011;NA
4540;;;;;;No Dam;29;NA;0.731;NA;0.173;NA;1.053;NA;1.048;NA;1.011;NA
4550;;;;;;No Dam;31;NA;0.731;NA;0.949;NA;1.046;NA;1.048;NA;1.011;NA
4560;;;;;;No Dam;34;NA;1.242;NA;1.767;NA;1.04;NA;1.048;NA;1.011;NA
4565.625868;;;;;;Ice Dam;37;37;1.242;NA;1.573;NA;1.034;NA;1.048;NA;1.011;NA
4570;;;;;;No Dam;38;NA;1.939;NA;1.511;NA;1.02;NA;1.048;NA;1.011;NA
4580;GPS0019;6986812.379;562897.388;101.403;soknaicedamsurvy;No Dam;38;NA;1.939;1.939;1.759;1.759;1.011;1.011;1.048;1.048;1.011;1.11.
4590;;;;;;No Dam;37;NA;1.939;NA;1.587;NA;1.004;NA;1.048;NA;1.011;NA
4600;;;;;;No Dam;38;NA;0.623;NA;1.195;NA;1.005;NA;1.048;NA;1.011;NA
4610;;;;;;No Dam;38;NA;0.623;NA;0.551;NA;1.007;NA;1.048;NA;1.011;NA
4620;;;;;;No Dam;37;NA;0.302;NA;0.049;NA;1.008;NA;1.005;NA;1.011;NA
4630;;;;;;No Dam;37;NA;0.302;NA;0.338;NA;1.009;NA;1.005;NA;1.011;NA
4640;;;;;;No Dam;43;NA;0.196;NA;0.163;NA;1.009;NA;1.005;NA;1.011;NA
4650;;;;;;No Dam;49;NA;0.196;NA;0.198;NA;1.008;NA;1.005;NA;1.011;NA
4660;;;;;;No Dam;42;NA;0.252;NA;0.395;NA;1.007;NA;1.005;NA;1.011;NA
4670;;;;;;No Dam;46;NA;0.252;NA;0.444;NA;1.006;NA;1.005;NA;1.011;NA
4680;;;;;;No Dam;49;NA;1.145;NA;0.73;NA;1.005;NA;1.005;NA;1.011;NA
4690;;;;;;No Dam;54;NA;1.145;NA;1.339;NA;1.005;NA;1.005;NA;1.011;NA
4700;;;;;;No Dam;45;NA;2.147;NA;1.874;NA;1.005;NA;1.005;NA;1.011;NA
4710;;;;;;No Dam;36;NA;2.147;NA;2.377;NA;1.006;NA;1.005;NA;1.011;NA
4720;;;;;;No Dam;29;NA;2.922;NA;2.716;NA;1.008;NA;1.005;NA;1.011;NA
4730;;;;;;No Dam;28;NA;2.922;NA;2.584;NA;1.011;NA;1.005;NA;1.011;NA
4740;;;;;;No Dam;26;NA;1.668;NA;2.152;NA;1.014;NA;1.005;NA;1.011;NA
4750;;;;;;No Dam;25;NA;1.668;NA;2.297;NA;1.015;NA;1.005;NA;1.011;NA
4752.550523;;;;;;Ice Dam;24;24;2.513;NA;2.576;NA;1.014;NA;1.02;NA;1.011;NA
4760;;;;;;No Dam;20;NA;2.513;NA;1.764;NA;1.011;NA;1.02;NA;1.011;NA
4770;GPS0020;6986993.763;562934.923;103.583;soknaicedamsurvy;No Dam;20;NA;2.513;2.513;1.63;1.63;1.01;1.01;1.02;1.02;1.011;1.11.
4775.389367;;;;;;Ice Dam;23;23;0.933;NA;1.381;NA;1.008;NA;1.02;NA;1.011;NA
4780;;;;;;No Dam;26;NA;0.933;NA;0.665;NA;1.008;NA;1.02;NA;1.011;NA
4790;GPS0021;6987016.953;562936.391;103.798;soknaicedamsurvy;No Dam;26;NA;0.547;0.547;0.615;0.615;1.009;1.009;1.02;1.02;1.011;1.11.
4800;;;;;;No Dam;17;NA;0.547;NA;0.434;NA;1.01;NA;1.02;NA;1.011;NA
4810;;;;;;No Dam;24;NA;0.547;NA;0.488;NA;1.012;NA;1.02;NA;1.011;NA
4820;;;;;;No Dam;29;NA;0.22;NA;0.292;NA;1.017;NA;1.02;NA;1.011;NA
4830;;;;;;No Dam;36;NA;0.22;NA;0.039;NA;1.025;NA;1.02;NA;1.041;NA
4840;;;;;;No Dam;38;NA;0.332;NA;0.411;NA;1.031;NA;1.02;NA;1.041;NA
4850;;;;;;No Dam;40;NA;0.332;NA;0.426;NA;1.036;NA;1.02;NA;1.041;NA
4860;;;;;;No Dam;41;NA;0.497;NA;0.324;NA;1.042;NA;1.02;NA;1.041;NA
4870;;;;;;No Dam;42;NA;0.497;NA;0.309;NA;1.044;NA;1.02;NA;1.041;NA
4880;;;;;;No Dam;39;NA;0.479;NA;0.388;NA;1.041;NA;1.02;NA;1.041;NA
4890;;;;;;No Dam;42;NA;0.479;NA;0.759;NA;1.034;NA;1.02;NA;1.041;NA
4900;;;;;;No Dam;39;NA;0.946;NA;0.75;NA;1.027;NA;1.007;NA;1.041;NA
4910;;;;;;No Dam;35;NA;0.946;NA;1.246;NA;1.023;NA;1.007;NA;1.041;NA
4916.649301;;;;;;Ice Dam;36;36;1.469;NA;1.164;NA;1.021;NA;1.007;NA;1.041;NA
4920;;;;;;No Dam;37;NA;1.469;NA;0.953;NA;1.016;NA;1.007;NA;1.041;NA
4930;GPS0022;6987130.413;562982.563;100.922;soknaicedamsurvy;No Dam;37;NA;1.141;1.141;1.302;1.302;1.013;1.013;1.007;1.007;1.041;1.41.
4940;;;;;;No Dam;38;NA;1.141;NA;1.388;NA;1.012;NA;1.007;NA;1.041;NA
4950;;;;;;No Dam;39;NA;1.141;NA;1.249;NA;1.009;NA;1.007;NA;1.041;NA
4960;;;;;;No Dam;36;NA;1.043;NA;1.058;NA;1.007;NA;1.007;NA;1.041;NA
4970;;;;;;No Dam;34;NA;1.043;NA;1.111;NA;1.006;NA;1.007;NA;1.041;NA
4980;;;;;;No Dam;33;NA;1.223;NA;1.348;NA;1.005;NA;1.007;NA;1.041;NA
4990;;;;;;No Dam;33;NA;1.223;NA;1.266;NA;1.004;NA;1.007;NA;1.041;NA
5000;;;;;;No Dam;31;NA;1.678;NA;1.589;NA;1.003;NA;1.007;NA;1.041;NA
5010;;;;;;No Dam;30;NA;1.678;NA;1.903;NA;1.003;NA;1.007;NA;1.041;NA
5020;;;;;;No Dam;31;NA;2.157;NA;1.695;NA;1.003;NA;1.007;NA;1.041;NA
5024.51602;;;;;;Ice Dam;33;33;2.157;NA;2.241;NA;1.002;NA;1.007;NA;1.041;NA
5030;;;;;;No Dam;33;NA;1.869;NA;2.334;NA;1.002;NA;1.009;NA;1.041;NA
5040;GPS0023;6987201.768;563057.89;102.791;soknaicedamsurvy;No Dam;34;NA;1.869;1.869;1.887;1.887;1.002;1.002;1.009;1.009;1.041;1.41.
5050;;;;;;No Dam;33;NA;1.869;NA;1.228;NA;1.002;NA;1.009;NA;1.041;NA
5060;;;;;;No Dam;35;NA;0.409;NA;0.638;NA;1.001;NA;1.009;NA;1.041;NA
5070;;;;;;No Dam;36;NA;0.409;NA;0.269;NA;1.001;NA;1.009;NA;1.041;NA
5080;;;;;;No Dam;37;NA;0.436;NA;0.105;NA;1.002;NA;1.009;NA;1.041;NA
5090;;;;;;No Dam;36;NA;0.436;NA;0.652;NA;1.004;NA;1.009;NA;1.041;NA
5100;;;;;;No Dam;36;NA;0.941;NA;0.823;NA;1.008;NA;1.009;NA;1.041;NA
5110;;;;;;No Dam;37;NA;0.941;NA;1.184;NA;1.012;NA;1.009;NA;1.028;NA
5120;;;;;;No Dam;36;NA;1.524;NA;1.274;NA;1.016;NA;1.009;NA;1.028;NA
5130;;;;;;No Dam;33;NA;1.524;NA;1.423;NA;1.02;NA;1.009;NA;1.028;NA
5140;;;;;;No Dam;28;NA;1.692;NA;2.13;NA;1.024;NA;1.009;NA;1.028;NA
5150;;;;;;No Dam;26;NA;1.692;NA;2.018;NA;1.026;NA;1.009;NA;1.028;NA
5154.664257;;;;;;Ice Dam;27;27;1.404;NA;1.929;NA;1.026;NA;1.009;NA;1.028;NA
5160;;;;;;No Dam;27;NA;1.404;NA;0.979;NA;1.024;NA;1.009;NA;1.028;NA
5170;GPS0024;6987297.674;563142.873;104.294;soknaicedamsurvy;No Dam;27;NA;0.501;0.501;0.333;0.333;1.023;1.023;1.004;1.004;1.028;1.28.
5180;;;;;;No Dam;28;NA;0.501;NA;0.18;NA;1.021;NA;1.004;NA;1.028;NA
5190;;;;;;No Dam;31;NA;0.501;NA;0.463;NA;1.016;NA;1.004;NA;1.028;NA
5200;;;;;;No Dam;34;NA;0.51;NA;0.489;NA;1.011;NA;1.004;NA;1.028;NA
5210;;;;;;No Dam;32;NA;0.51;NA;0.516;NA;1.007;NA;1.004;NA;1.028;NA
5220;;;;;;No Dam;31;NA;0.465;NA;0.415;NA;1.006;NA;1.004;NA;1.028;NA
5230;;;;;;No Dam;32;NA;0.465;NA;0.537;NA;1.004;NA;1.004;NA;1.028;NA
5240;;;;;;No Dam;32;NA;0.989;NA;1.061;NA;1.003;NA;1.004;NA;1.028;NA
5250;;;;;;No Dam;32;NA;0.989;NA;1.193;NA;1.004;NA;1.004;NA;1.028;NA
5260;;;;;;No Dam;32;NA;1.167;NA;1.075;NA;1.005;NA;1.004;NA;1.028;NA
5270;;;;;;No Dam;32;NA;1.167;NA;1.024;NA;1.005;NA;1.004;NA;1.028;NA
5280;;;;;;No Dam;34;NA;1.243;NA;1.306;NA;1.005;NA;1.004;NA;1.028;NA
5290;;;;;;No Dam;33;NA;1.243;NA;1.283;NA;1.005;NA;1.004;NA;1.028;NA
5300;;;;;;No Dam;31;NA;1.77;NA;1.575;NA;1.004;NA;1.004;NA;1.028;NA
5310;;;;;;No Dam;30;NA;1.77;NA;2.332;NA;1.003;NA;1.004;NA;1.028;NA
5319.272447;;;;;;Ice Dam;29;29;2.082;NA;2.751;NA;1.003;NA;1.001;NA;1.001;NA
5320;;;;;;No Dam;29;NA;2.082;NA;2.23;NA;1.002;NA;1.001;NA;1.001;NA
5330;GPS0025;6987446.495;563201.65;100.09;soknaicedamsurvy;No Dam;30;NA;1.631;1.631;1.267;1.267;1.001;1.001;1.001;1.001;1.001;1.1.
5340;;;;;;No Dam;32;NA;1.631;NA;1.267;NA;1.001;NA;1.001;NA;1.001;NA
5350;;;;;;No Dam;33;NA;1.631;NA;0.933;NA;1.001;NA;1.001;NA;1.001;NA
5360;;;;;;No Dam;33;NA;0.934;NA;0.599;NA;1.001;NA;1.001;NA;1.001;NA
5370;;;;;;No Dam;33;NA;0.934;NA;1.142;NA;1.001;NA;1.001;NA;1.001;NA
5380;;;;;;No Dam;34;NA;0.847;NA;1.2;NA;1.001;NA;1.001;NA;1.001;NA
5390;;;;;;No Dam;34;NA;0.847;NA;0.961;NA;1.001;NA;1.001;NA;1.001;NA
5400;;;;;;No Dam;33;NA;1.328;NA;1.15;NA;1.001;NA;1.001;NA;1.001;NA
5402.356222;;;;;;Ice Dam;33;33;1.328;NA;1.289;NA;1.001;NA;1.001;NA;1.001;NA
5410;;;;;;No Dam;33;NA;1.3;NA;1.58;NA;1.001;NA;1.001;NA;1.001;NA
5420;GPS0026;6987528.069;563222.789;99.681;soknaicedamsurvy;No Dam;33;NA;1.3;1.3;1.304;1.304;1.001;1.001;1.001;1.001;1.001;1.1.
5430;;;;;;No Dam;33;NA;1.3;NA;1.026;NA;1.001;NA;1.001;NA;1.001;NA
5440;;;;;;No Dam;33;NA;0.648;NA;0.273;NA;1;NA;1.001;NA;1.001;NA
5450;;;;;;No Dam;34;NA;0.648;NA;0.716;NA;1;NA;1.001;NA;1.001;NA
5460;;;;;;No Dam;34;NA;0.539;NA;0.589;NA;1;NA;1.001;NA;1.001;NA
5470;;;;;;No Dam;35;NA;0.539;NA;0.897;NA;1;NA;1.001;NA;1.001;NA
5480;;;;;;No Dam;35;NA;1.644;NA;1.358;NA;1;NA;1.001;NA;1.001;NA
5490;;;;;;No Dam;36;NA;1.644;NA;1.451;NA;1;NA;1.001;NA;1.001;NA
5490.51847;;;;;;Ice Dam;36;36;0.998;NA;1.317;NA;1;NA;1.001;NA;1.001;NA
5500;;;;;;No Dam;36;NA;0.998;NA;1.399;NA;1.001;NA;1.001;NA;1.001;NA
5510;GPS0027;6987611.623;563250.737;97.802;soknaicedamsurvy;No Dam;35;NA;0.998;0.998;1.448;1.448;1.001;1.001;1.001;1.001;1.001;1.1.
5520;;;;;;No Dam;35;NA;1.234;NA;1.217;NA;1.001;NA;1.001;NA;1.001;NA
5530;;;;;;No Dam;35;NA;1.234;NA;0.753;NA;1.001;NA;1.001;NA;1.001;NA
5540;;;;;;No Dam;36;NA;0.311;NA;0.349;NA;1.002;NA;1.001;NA;1.001;NA
5550;;;;;;No Dam;49;NA;0.311;NA;0.282;NA;1.002;NA;1.001;NA;1.001;NA
5560;;;;;;No Dam;54;NA;0.537;NA;0.315;NA;1.002;NA;1.001;NA;1.001;NA
5570;;;;;;No Dam;58;NA;0.537;NA;0.585;NA;1.002;NA;1.001;NA;1.053;NA
5580;;;;;;No Dam;62;NA;0.348;NA;0.502;NA;1.002;NA;1.001;NA;1.053;NA
5590;;;;;;No Dam;65;NA;0.348;NA;0.601;NA;1.001;NA;1.001;NA;1.053;NA
5600;;;;;;No Dam;67;NA;0.797;NA;0.813;NA;1.001;NA;1.001;NA;1.053;NA
5610;;;;;;No Dam;28;NA;0.797;NA;0.701;NA;1.001;NA;1.001;NA;1.053;NA
5620;;;;;;No Dam;23;NA;1.628;NA;0.805;NA;1.001;NA;1.001;NA;1.053;NA
5630;;;;;;No Dam;21;NA;1.628;NA;1.449;NA;1;NA;1.001;NA;1.053;NA
5640;;;;;;No Dam;19;NA;0.694;NA;1.241;NA;1;NA;1.001;NA;1.053;NA
5650;;;;;;No Dam;19;NA;0.694;NA;0.942;NA;1.001;NA;1.001;NA;1.053;NA
5660;;;;;;No Dam;18;NA;1.269;NA;1.337;NA;1.001;NA;1.001;NA;1.053;NA
5667.699086;;;;;;Ice Dam;18;18;1.269;NA;1.382;NA;1.001;NA;1.001;NA;1.053;NA
5670;;;;;;No Dam;18;NA;1.406;NA;1.287;NA;1.002;NA;1.001;NA;1.053;NA
5680;GPS0028;6987782.323;563294.522;99.979;soknaicedamsurvy;No Dam;17;NA;1.406;1.406;1.354;1.354;1.002;1.002;1.001;1.001;1.053;1.53.
5690;;;;;;No Dam;15;NA;1.406;NA;1.347;NA;1.002;NA;1.001;NA;1.053;NA
5700;;;;;;No Dam;16;NA;1.124;NA;1.33;NA;1.004;NA;1.001;NA;1.053;NA
5710;;;;;;No Dam;38;NA;1.124;NA;0.98;NA;1.006;NA;1.001;NA;1.053;NA
5720;;;;;;No Dam;32;NA;0.511;NA;0.759;NA;1.01;NA;1.001;NA;1.053;NA
5721.087569;;;;;;Ice Dam;32;32;0.511;NA;0.546;NA;1.012;NA;1.019;NA;1.053;NA
5730;;;;;;No Dam;32;NA;0.573;NA;0.389;NA;1.014;NA;1.019;NA;1.053;NA
5740;GPS0029;6987832.1;563306.844;95.728;soknaicedamsurvy;No Dam;33;NA;0.573;0.573;0.481;0.481;1.014;1.014;1.019;1.019;1.053;1.53.
5750;;;;;;No Dam;33;NA;0.573;NA;0.527;NA;1.017;NA;1.019;NA;1.053;NA
5760;;;;;;No Dam;32;NA;0.752;NA;0.685;NA;1.019;NA;1.019;NA;1.053;NA
5770;;;;;;No Dam;33;NA;0.752;NA;0.843;NA;1.021;NA;1.019;NA;1.053;NA
5770.081925;;;;;;Ice Dam;34;34;1.757;NA;1.801;NA;1.023;NA;1.019;NA;1.053;NA
5780;;;;;;No Dam;36;NA;1.757;NA;1.954;NA;1.022;NA;1.019;NA;1.053;NA
5790;GPS0030;6987878.703;563309.596;95.053;soknaicedamsurvy;No Dam;36;NA;1.757;1.757;1.954;1.954;1.022;1.022;1.019;1.019;1.053;1.53.
5800;;;;;;No Dam;34;NA;1.601;NA;1.517;NA;1.019;NA;1.019;NA;1.053;NA
5810;;;;;;No Dam;35;NA;1.601;NA;1.154;NA;1.017;NA;1.019;NA;1.053;NA
5820;;;;;;No Dam;35;NA;0.353;NA;0.813;NA;1.016;NA;1.019;NA;1.053;NA
5830;;;;;;No Dam;36;NA;0.353;NA;0.593;NA;1.013;NA;1.019;NA;1.053;NA
5840;;;;;;No Dam;38;NA;1.511;NA;1.279;NA;1.011;NA;1.019;NA;1.053;NA
5850;;;;;;No Dam;39;NA;1.511;NA;1.166;NA;1.009;NA;1.019;NA;1.053;NA
5860;;;;;;No Dam;39;NA;0.606;NA;0.47;NA;1.008;NA;1.019;NA;1.053;NA
5870;;;;;;No Dam;40;NA;0.606;NA;0.959;NA;1.006;NA;1.001;NA;1.053;NA
5880;;;;;;No Dam;39;NA;0.873;NA;1.037;NA;1.003;NA;1.001;NA;1.053;NA
5890;;;;;;No Dam;38;NA;0.873;NA;0.646;NA;1.002;NA;1.001;NA;1.053;NA
5900;;;;;;No Dam;37;NA;1.972;NA;1.387;NA;1.001;NA;1.001;NA;1.053;NA
5902.535431;;;;;;Ice Dam;32;32;1.972;NA;3.041;NA;1.001;NA;1.001;NA;1.053;NA
5910;;;;;;No Dam;32;NA;2.129;NA;3.004;NA;1.001;NA;1.001;NA;1.053;NA
5915.038838;GPS0031;6987995.703;563257.972;94.023;soknaicedamsurvy;Ice Dam;39;39;2.129;2.129;2.278;2.278;1.001;1.001;1.001;1.001;1.053;1.53
5920;;;;;;No Dam;39;NA;2.129;NA;1.154;NA;1.001;NA;1.001;NA;1.053;NA
5930;GPS0032;6988008.183;563253.302;93.37;soknaicedamsurvy;No Dam;40;NA;1.779;1.779;1.195;1.195;1.001;1.001;1.001;1.001;1.053;1.53.
5940;;;;;;No Dam;40;NA;1.779;NA;1.295;NA;1.001;NA;1.001;NA;1.053;NA
5949.666763;;;;;;Ice Dam;41;41;1.779;NA;1.624;NA;1.001;NA;1.001;NA;1.053;NA
5950;;;;;;No Dam;41;NA;1.638;NA;1.758;NA;1.001;NA;1.001;NA;1.053;NA
5960;GPS0033;6988038.259;563235.916;99.992;soknaicedamsurvy;No Dam;42;NA;1.638;1.638;2.067;2.067;1.001;1.001;1.001;1.001;1.053;1.53.
5970;;;;;;No Dam;42;NA;1.638;NA;2.299;NA;1.001;NA;1.001;NA;1.053;NA
5980;;;;;;No Dam;40;NA;1.367;NA;0.058;NA;1.001;NA;1.001;NA;1.053;NA
5990;;;;;;No Dam;37;NA;1.367;NA;1.933;NA;1.001;NA;1.001;NA;1.053;NA
6000;;;;;;No Dam;38;NA;1.747;NA;1.541;NA;1.001;NA;1.001;NA;1.053;NA
6004.091698;;;;;;Ice Dam;39;39;1.747;NA;0.549;NA;1.001;NA;1.001;NA;1.053;NA
6010;;;;;;No Dam;39;NA;0.538;NA;0.71;NA;1;NA;1.001;NA;1.053;NA
6020;GPS0034;6988086.076;563212.491;91.541;soknaicedamsurvy;No Dam;39;NA;0.538;0.538;0.633;0.633;1;1;1.001;1.001;1.053;1.53...
6030;;;;;;No Dam;39;NA;0.538;NA;0.598;NA;1;NA;1.001;NA;1.053;NA
6040;;;;;;No Dam;39;NA;0.396;NA;0.227;NA;1;NA;1.001;NA;1.093;NA
6050;;;;;;No Dam;23;NA;0.396;NA;0.205;NA;1;NA;1.001;NA;1.093;NA
6060;;;;;;No Dam;26;NA;0.073;NA;0.155;NA;1;NA;1.001;NA;1.093;NA
6070;;;;;;No Dam;28;NA;0.073;NA;0.099;NA;1;NA;1.001;NA;1.093;NA
6080;;;;;;No Dam;30;NA;0.351;NA;0.245;NA;1.001;NA;1.001;NA;1.093;NA
6090;;;;;;No Dam;29;NA;0.351;NA;0.308;NA;1.001;NA;1.001;NA;1.093;NA
6100;;;;;;No Dam;28;NA;0.538;NA;0.558;NA;1.001;NA;1.001;NA;1.093;NA
6110;;;;;;No Dam;29;NA;0.538;NA;0.635;NA;1.002;NA;1.001;NA;1.093;NA
6120;;;;;;No Dam;29;NA;0.418;NA;0.364;NA;1.002;NA;1.001;NA;1.093;NA
6130;;;;;;No Dam;30;NA;0.418;NA;0.471;NA;1.002;NA;1.001;NA;1.093;NA
6140;;;;;;No Dam;30;NA;0.624;NA;0.615;NA;1.002;NA;1.001;NA;1.093;NA
6150;;;;;;No Dam;28;NA;0.624;NA;0.721;NA;1.001;NA;1.008;NA;1.093;NA
6160;;;;;;No Dam;31;NA;0.842;NA;1.06;NA;1.001;NA;1.008;NA;1.093;NA
6170;;;;;;No Dam;32;NA;0.842;NA;1.154;NA;1.001;NA;1.008;NA;1.093;NA
6180;;;;;;No Dam;32;NA;0.815;NA;0.486;NA;1.001;NA;1.008;NA;1.093;NA
6190;;;;;;No Dam;30;NA;0.815;NA;0.667;NA;1.001;NA;1.008;NA;1.093;NA
6200;;;;;;No Dam;30;NA;0.804;NA;1.123;NA;1.003;NA;1.008;NA;1.093;NA
6210;;;;;;No Dam;30;NA;0.804;NA;0.751;NA;1.005;NA;1.008;NA;1.093;NA
6220;;;;;;No Dam;32;NA;1.199;NA;0.746;NA;1.01;NA;1.008;NA;1.093;NA
6230;;;;;;No Dam;32;NA;1.199;NA;1.273;NA;1.016;NA;1.008;NA;1.093;NA
6237.489737;;;;;;Ice Dam;34;34;1.985;NA;1.842;NA;1.022;NA;1.008;NA;1.093;NA
6240;;;;;;No Dam;35;NA;1.985;NA;1.921;NA;1.03;NA;1.008;NA;1.093;NA
6248.177671;GPS0035;6988300.743;563117.185;90.581;soknaicedamsurvy;Ice Dam;35;35;1.145;1.145;1.699;1.699;1.034;1.034;1.008;1.008;1.093;1.93
6250;;;;;;No Dam;35;NA;1.145;NA;1.521;NA;1.035;NA;1.008;NA;1.093;NA
6260;GPS0036;6988312.988;563117.829;89.636;soknaicedamsurvy;No Dam;34;NA;1.145;1.145;1.153;1.153;1.04;1.04;1.008;1.008;1.093;1.93.
6270;;;;;;No Dam;31;NA;1.145;NA;1.247;NA;1.041;NA;1.008;NA;1.093;NA
6280;;;;;;No Dam;26;NA;1.092;NA;1.225;NA;1.043;NA;1.008;NA;1.093;NA
6290;;;;;;No Dam;26;NA;1.092;NA;0.815;NA;1.043;NA;1.008;NA;1.093;NA
6293.404354;;;;;;Ice Dam;25;25;1.113;NA;1.024;NA;1.04;NA;1.008;NA;1.093;NA
6300;;;;;;No Dam;24;NA;1.113;NA;1.637;NA;1.036;NA;1.008;NA;1.093;NA
6310;GPS0037;6988362.487;563113.476;88.952;soknaicedamsurvy;No Dam;22;NA;2.213;2.213;1.552;1.552;1.035;1.035;1.008;1.008;1.093;1.93.
6320;;;;;;No Dam;21;NA;2.213;NA;1.961;NA;1.031;NA;1.008;NA;1.093;NA
6330;;;;;;No Dam;20;NA;2.213;NA;2.911;NA;1.022;NA;1.008;NA;1.093;NA
6340;;;;;;No Dam;24;NA;1.713;NA;2.063;NA;1.016;NA;1.008;NA;1.093;NA
6344.150939;;;;;;Ice Dam;26;26;1.713;NA;0.46;NA;1.01;NA;1.008;NA;1.093;NA
6350;;;;;;No Dam;23;NA;0.673;NA;0.63;NA;1.006;NA;1.008;NA;1.093;NA
6360;GPS0038;6988410.56;563134.156;87.993;soknaicedamsurvy;No Dam;25;NA;0.673;0.673;0.755;0.755;1.005;1.005;1.008;1.008;1.093;1.93.
6370;;;;;;No Dam;26;NA;0.673;NA;0.705;NA;1.004;NA;1.008;NA;1.093;NA
6380;;;;;;No Dam;29;NA;0.103;NA;0.145;NA;1.002;NA;1.008;NA;1.093;NA
6390;;;;;;No Dam;30;NA;0.103;NA;0.001;NA;1.001;NA;1.008;NA;1.093;NA
6400;;;;;;No Dam;33;NA;0.021;NA;0.083;NA;1.001;NA;1.008;NA;1.093;NA
6410;;;;;;No Dam;35;NA;0.021;NA;0.094;NA;1;NA;1.008;NA;1.093;NA
6420;;;;;;No Dam;36;NA;0.353;NA;0.259;NA;1;NA;1.008;NA;1.093;NA
6430;;;;;;No Dam;37;NA;0.353;NA;0.373;NA;1;NA;1.001;NA;1.093;NA
6440;;;;;;No Dam;37;NA;0.494;NA;0.694;NA;1;NA;1.001;NA;1.093;NA
6450;;;;;;No Dam;36;NA;0.494;NA;1.023;NA;1;NA;1.001;NA;1.093;NA
6460;;;;;;No Dam;38;NA;1.672;NA;1.094;NA;1;NA;1.001;NA;1.093;NA
6470;;;;;;No Dam;37;NA;1.672;NA;1.203;NA;1.001;NA;1.001;NA;1.093;NA
6480;;;;;;No Dam;39;NA;0.795;NA;0.987;NA;1.001;NA;1.001;NA;1.093;NA
6490;;;;;;No Dam;40;NA;0.795;NA;0.999;NA;1.001;NA;1.001;NA;1.093;NA
6500;;;;;;No Dam;41;NA;1.275;NA;1.135;NA;1.001;NA;1.001;NA;1.093;NA
6510;;;;;;No Dam;39;NA;1.275;NA;1.302;NA;1.001;NA;1.001;NA;1.093;NA
6520;;;;;;No Dam;38;NA;0.734;NA;0.967;NA;1.001;NA;1.001;NA;1.093;NA
6530;;;;;;No Dam;37;NA;0.734;NA;0.58;NA;1.001;NA;1.001;NA;1.093;NA
6540;;;;;;No Dam;34;NA;0.582;NA;0.477;NA;1.001;NA;1.001;NA;1.093;NA
6549.352034;;;;;;Ice Dam;31;31;0.582;NA;0.595;NA;1.001;NA;1.001;NA;1.093;NA
6550;;;;;;No Dam;31;NA;0.723;NA;0.711;NA;1.001;NA;1.001;NA;1.093;NA
6560;GPS0039;6988596.947;563221.443;86.423;soknaicedamsurvy;No Dam;29;NA;0.723;0.723;0.928;0.928;1.001;1.001;1.007;1.007;1.093;1.93.
6570;;;;;;No Dam;27;NA;0.723;NA;0.982;NA;1.001;NA;1.007;NA;1.093;NA
6580;;;;;;No Dam;27;NA;1.522;NA;1.527;NA;1.001;NA;1.007;NA;1.093;NA
6590;;;;;;No Dam;27;NA;1.522;NA;1.546;NA;1.001;NA;1.007;NA;1.093;NA
6600;;;;;;No Dam;28;NA;1.699;NA;1.685;NA;1.001;NA;1.007;NA;1.093;NA
6608.587404;;;;;;Ice Dam;29;29;1.699;NA;1.62;NA;1.002;NA;1.007;NA;1.093;NA
6610;;;;;;No Dam;29;NA;0.894;NA;1.037;NA;1.003;NA;1.007;NA;1.093;NA
6620;GPS0040;6988649.239;563247.022;87.941;soknaicedamsurvy;No Dam;30;NA;0.894;0.894;0.622;0.622;1.005;1.005;1.007;1.007;1.093;1.93.
6630;;;;;;No Dam;31;NA;0.894;NA;0.593;NA;1.005;NA;1.007;NA;1.093;NA
6640;;;;;;No Dam;32;NA;0.424;NA;0.429;NA;1.009;NA;1.007;NA;1.056;NA
6650;;;;;;No Dam;34;NA;0.424;NA;0.399;NA;1.012;NA;1.007;NA;1.056;NA
6660;;;;;;No Dam;32;NA;0.406;NA;0.328;NA;1.014;NA;1.007;NA;1.056;NA
6670;;;;;;No Dam;33;NA;0.406;NA;0.483;NA;1.015;NA;1.007;NA;1.056;NA
6680;;;;;;No Dam;35;NA;0.726;NA;0.631;NA;1.016;NA;1.007;NA;1.056;NA
6690;;;;;;No Dam;37;NA;0.726;NA;0.798;NA;1.016;NA;1.007;NA;1.056;NA
6700;;;;;;No Dam;35;NA;0.825;NA;0.77;NA;1.015;NA;1.007;NA;1.056;NA
6710;;;;;;No Dam;34;NA;0.825;NA;0.855;NA;1.012;NA;1.06;NA;1.056;NA
6720;;;;;;No Dam;33;NA;0.569;NA;0.801;NA;1.014;NA;1.06;NA;1.056;NA
6730;;;;;;No Dam;32;NA;0.569;NA;0.672;NA;1.019;NA;1.06;NA;1.056;NA
6740;;;;;;No Dam;33;NA;1.219;NA;1.091;NA;1.031;NA;1.06;NA;1.056;NA
6750;;;;;;No Dam;38;NA;1.219;NA;1.473;NA;1.042;NA;1.06;NA;1.056;NA
6760;;;;;;No Dam;33;NA;1.258;NA;1.222;NA;1.051;NA;1.06;NA;1.056;NA
6770;;;;;;No Dam;30;NA;1.258;NA;1.108;NA;1.058;NA;1.06;NA;1.056;NA
6780;;;;;;No Dam;23;NA;2.08;NA;1.999;NA;1.062;NA;1.06;NA;1.056;NA
6780.550575;;;;;;Ice Dam;23;23;2.08;NA;2.709;NA;1.063;NA;1.06;NA;1.056;NA
6790;;;;;;No Dam;23;NA;2.664;NA;2.947;NA;1.062;NA;1.06;NA;1.056;NA
6800;GPS0041;6988772.978;563364.669;83.84;soknaicedamsurvy;No Dam;23;NA;2.664;2.664;2.903;2.903;1.062;1.062;1.06;1.06;1.056;1.56.
6810;;;;;;No Dam;22;NA;2.664;NA;2.01;NA;1.058;NA;1.06;NA;1.056;NA
6820;;;;;;No Dam;24;NA;1.097;NA;1.013;NA;1.05;NA;1.06;NA;1.056;NA
6830;;;;;;No Dam;25;NA;1.097;NA;0.731;NA;1.035;NA;1.06;NA;1.056;NA
6840;;;;;;No Dam;27;NA;0.229;NA;0.298;NA;1.016;NA;1.06;NA;1.056;NA
6850;;;;;;No Dam;26;NA;0.229;NA;0.31;NA;1.008;NA;1.058;NA;1.056;NA
6860;;;;;;No Dam;27;NA;0.379;NA;0.186;NA;1.013;NA;1.058;NA;1.056;NA
6870;;;;;;No Dam;24;NA;0.379;NA;0.522;NA;1.029;NA;1.058;NA;1.056;NA
6880;;;;;;No Dam;26;NA;1.093;NA;1.338;NA;1.039;NA;1.058;NA;1.056;NA
6882.781218;;;;;;Ice Dam;26;26;1.093;NA;1.085;NA;1.046;NA;1.058;NA;1.056;NA
6890;;;;;;No Dam;36;NA;1.873;NA;1.489;NA;1.052;NA;1.058;NA;1.056;NA
6900;GPS0042;6988872.521;563375.527;82.103;soknaicedamsurvy;No Dam;32;NA;1.873;1.873;1.86;1.86;1.054;1.054;1.058;1.058;1.056;1.56.
6910;;;;;;No Dam;30;NA;1.873;NA;2.551;NA;1.057;NA;1.058;NA;1.056;NA
6917.384488;;;;;;Ice Dam;27;27;1.981;NA;2.286;NA;1.061;NA;1.058;NA;1.056;NA
6920;;;;;;No Dam;27;NA;1.981;NA;1.203;NA;1.063;NA;1.058;NA;1.002;NA
6930;GPS0043;6988892.072;563404.941;82.294;soknaicedamsurvy;No Dam;25;NA;0.53;0.53;0.961;0.961;1.063;1.063;1.058;1.058;1.002;1.2.
6940;;;;;;No Dam;25;NA;0.53;NA;0.823;NA;1.063;NA;1.058;NA;1.002;NA
6950;;;;;;No Dam;25;NA;0.53;NA;0.293;NA;1.06;NA;1.058;NA;1.002;NA
6960;;;;;;No Dam;28;NA;0.242;NA;0.141;NA;1.054;NA;1.058;NA;1.002;NA
6970;;;;;;No Dam;33;NA;0.242;NA;0.278;NA;1.043;NA;1.058;NA;1.002;NA
6980;;;;;;No Dam;40;NA;0.219;NA;0.224;NA;1.029;NA;1.058;NA;1.002;NA
6990;;;;;;No Dam;41;NA;0.219;NA;0.329;NA;1.01;NA;1.002;NA;1.002;NA
7000;;;;;;No Dam;41;NA;0.447;NA;0.535;NA;1.001;NA;1.002;NA;1.002;NA
7010;;;;;;No Dam;41;NA;0.447;NA;0.378;NA;1.001;NA;1.002;NA;1.002;NA
7020;;;;;;No Dam;42;NA;0.419;NA;0.066;NA;1.001;NA;1.002;NA;1.002;NA
7030;;;;;;No Dam;43;NA;0.419;NA;0.365;NA;1.001;NA;1.002;NA;1.002;NA
7040;;;;;;No Dam;43;NA;0.447;NA;0.764;NA;1.002;NA;1.002;NA;1.002;NA
7050;;;;;;No Dam;45;NA;0.447;NA;0.645;NA;1.002;NA;1.002;NA;1.002;NA
7060;;;;;;No Dam;47;NA;0.792;NA;0.632;NA;1.002;NA;1.002;NA;1.002;NA
7070;;;;;;No Dam;47;NA;0.792;NA;0.738;NA;1.003;NA;1.002;NA;1.002;NA
7080;;;;;;No Dam;45;NA;1.098;NA;1.101;NA;1.003;NA;1.002;NA;1.002;NA
7090;;;;;;No Dam;42;NA;1.098;NA;1.639;NA;1.002;NA;1.002;NA;1.002;NA
7100;;;;;;No Dam;37;NA;2.22;NA;2.034;NA;1.002;NA;1.002;NA;1.002;NA
7102.96422;;;;;;Ice Dam;36;36;2.22;NA;2.558;NA;1.002;NA;1.002;NA;1.002;NA
7110;;;;;;No Dam;31;NA;2.663;NA;2.667;NA;1.002;NA;1.002;NA;1.002;NA
7120;GPS0044;6989009.985;563544.117;78.796;soknaicedamsurvy;No Dam;29;NA;2.663;2.663;2.726;2.726;1.002;1.002;1.001;1.001;1.002;1.2.
7130;;;;;;No Dam;28;NA;2.663;NA;2.801;NA;1.002;NA;1.001;NA;1.002;NA
7140;;;;;;No Dam;26;NA;2.634;NA;2.46;NA;1.002;NA;1.001;NA;1.002;NA
7150;;;;;;No Dam;15;NA;2.634;NA;2.615;NA;1.002;NA;1.001;NA;1.002;NA
7160;;;;;;No Dam;16;NA;2.879;NA;3.383;NA;1.002;NA;1.001;NA;1.002;NA
7170;;;;;;No Dam;18;NA;2.879;NA;1.552;NA;1.002;NA;1.001;NA;1.002;NA
7180;;;;;;No Dam;19;NA;0.158;NA;0.008;NA;1.001;NA;1.001;NA;1.002;NA
7190;;;;;;No Dam;19;NA;0.158;NA;0.001;NA;1.001;NA;1.001;NA;1.002;NA
7200;;;;;;No Dam;20;NA;0.104;NA;0.181;NA;1.001;NA;1.001;NA;1.002;NA
7210;;;;;;No Dam;24;NA;0.104;NA;0.17;NA;1.001;NA;1.001;NA;1.002;NA
7220;;;;;;No Dam;18;NA;0.968;NA;0.108;NA;1.002;NA;1.001;NA;1.002;NA
7227.865992;;;;;;Ice Dam;16;16;0.968;NA;1.15;NA;1.002;NA;1.001;NA;1.048;NA
7230;;;;;;No Dam;15;NA;1.044;NA;1.342;NA;1.002;NA;1.001;NA;1.048;NA
7240;GPS0045;6989095.406;563637.314;82.276;soknaicedamsurvy;No Dam;20;NA;1.044;1.044;0.908;0.908;1.002;1.002;1.001;1.001;1.048;1.48.
7250;;;;;;No Dam;23;NA;1.044;NA;0.935;NA;1.002;NA;1.001;NA;1.048;NA
7260;;;;;;No Dam;20;NA;0.149;NA;0.478;NA;1.003;NA;1.001;NA;1.048;NA
7270;;;;;;No Dam;19;NA;0.149;NA;0.008;NA;1.003;NA;1.003;NA;1.048;NA
7280;;;;;;No Dam;22;NA;0.082;NA;0.032;NA;1.003;NA;1.003;NA;1.048;NA
7290;;;;;;No Dam;21;NA;0.082;NA;0.021;NA;1.003;NA;1.003;NA;1.048;NA
7300;;;;;;No Dam;26;NA;0.304;NA;0.099;NA;1.002;NA;1.003;NA;1.048;NA
7310;;;;;;No Dam;38;NA;0.304;NA;0.073;NA;1.002;NA;1.003;NA;1.048;NA
7320;;;;;;No Dam;38;NA;0.507;NA;0.319;NA;1.003;NA;1.003;NA;1.048;NA
7330;;;;;;No Dam;38;NA;0.507;NA;0.391;NA;1.003;NA;1.003;NA;1.048;NA
7340;;;;;;No Dam;37;NA;0.379;NA;0.431;NA;1.004;NA;1.003;NA;1.048;NA
7350;;;;;;No Dam;33;NA;0.379;NA;0.637;NA;1.005;NA;1.003;NA;1.048;NA
7360;;;;;;No Dam;30;NA;1.15;NA;0.907;NA;1.007;NA;1.003;NA;1.048;NA
7370;;;;;;No Dam;28;NA;1.15;NA;1.469;NA;1.009;NA;1.003;NA;1.048;NA
7380;;;;;;No Dam;25;NA;1.872;NA;2.033;NA;1.015;NA;1.003;NA;1.048;NA
7387.985434;;;;;;Ice Dam;25;25;1.872;NA;2.541;NA;1.02;NA;1.003;NA;1.048;NA
7390;;;;;;No Dam;24;NA;2.707;NA;2.566;NA;1.027;NA;1.003;NA;1.048;NA
7400;GPS0046;6989200.821;563755.963;80.996;soknaicedamsurvy;No Dam;23;NA;2.707;2.707;2.397;2.397;1.032;1.032;1.031;1.031;1.048;1.48.
7410;;;;;;No Dam;24;NA;2.707;NA;1.876;NA;1.034;NA;1.031;NA;1.048;NA
7420;;;;;;No Dam;25;NA;0.903;NA;1.001;NA;1.038;NA;1.031;NA;1.048;NA
7430;;;;;;No Dam;25;NA;0.903;NA;0.964;NA;1.041;NA;1.031;NA;1.048;NA
7440;;;;;;No Dam;21;NA;2.375;NA;2.363;NA;1.042;NA;1.031;NA;1.048;NA
7440.560855;;;;;;Ice Dam;21;21;2.375;NA;3.287;NA;1.04;NA;1.031;NA;1.048;NA
7450;;;;;;No Dam;21;NA;1.677;NA;1.82;NA;1.037;NA;1.031;NA;1.048;NA
7460;dam20;6989222.822;563798.068;81.192;soknaicedamsurvy;No Dam;23;NA;1.677;1.677;1.819;1.819;1.037;1.037;1.031;1.031;1.048;1.48.
7470;;;;;;No Dam;24;NA;1.677;NA;0.663;NA;1.032;NA;1.031;NA;1.048;NA
7480;;;;;;No Dam;26;NA;0.546;NA;0.61;NA;1.024;NA;1.031;NA;1.048;NA
7490;;;;;;No Dam;27;NA;0.546;NA;0.267;NA;1.016;NA;1.031;NA;1.048;NA
7500;;;;;;No Dam;26;NA;0.187;NA;0.081;NA;1.011;NA;1.031;NA;1.048;NA
7510;;;;;;No Dam;27;NA;0.187;NA;0.093;NA;1.006;NA;1.031;NA;1.029;NA
7520;;;;;;No Dam;34;NA;0.034;NA;0.065;NA;1.005;NA;1.031;NA;1.029;NA
7530;;;;;;No Dam;35;NA;0.034;NA;0.036;NA;1.005;NA;1.031;NA;1.029;NA
7540;;;;;;No Dam;35;NA;0.204;NA;0.211;NA;1.007;NA;1.013;NA;1.029;NA
7550;;;;;;No Dam;35;NA;0.204;NA;0.147;NA;1.008;NA;1.013;NA;1.029;NA
7560;;;;;;No Dam;35;NA;0.115;NA;0.157;NA;1.008;NA;1.013;NA;1.029;NA
7570;;;;;;No Dam;37;NA;0.115;NA;0.256;NA;1.008;NA;1.013;NA;1.029;NA
7580;;;;;;No Dam;36;NA;0.319;NA;0.33;NA;1.01;NA;1.013;NA;1.029;NA
7590;;;;;;No Dam;34;NA;0.319;NA;0.618;NA;1.011;NA;1.013;NA;1.029;NA
7600;;;;;;No Dam;31;NA;0.879;NA;0.615;NA;1.012;NA;1.013;NA;1.029;NA
7606.357371;;;;;;Ice Dam;31;31;0.879;NA;1.344;NA;1.014;NA;1.013;NA;1.029;NA
7610;;;;;;No Dam;30;NA;1.816;NA;1.809;NA;1.014;NA;1.013;NA;1.029;NA
7620;dam19;6989227.612;563964.921;78.758;soknaicedamsurvy;No Dam;27;NA;1.816;1.816;2.207;2.207;1.013;1.013;1.013;1.013;1.029;1.29.
7628.804498;;;;;;Ice Dam;24;24;1.816;NA;2.151;NA;1.013;NA;1.013;NA;1.029;NA
7630;;;;;;No Dam;24;NA;2.56;NA;2.686;NA;1.013;NA;1.013;NA;1.029;NA
7640;dam18;6989237.122;563986.897;78.768;soknaicedamsurvy;No Dam;23;NA;2.56;2.56;2.644;2.644;1.012;1.012;1.013;1.013;1.029;1.29.
7650;;;;;;No Dam;22;NA;2.56;NA;2.889;NA;1.012;NA;1.013;NA;1.029;NA
7660;;;;;;No Dam;24;NA;1.977;NA;2.074;NA;1.011;NA;1.013;NA;1.029;NA
7670;;;;;;No Dam;25;NA;1.977;NA;0.619;NA;1.01;NA;1.013;NA;1.029;NA
7680;;;;;;No Dam;27;NA;0.21;NA;0.201;NA;1.009;NA;1.002;NA;1.029;NA
7690;;;;;;No Dam;29;NA;0.21;NA;0.141;NA;1.008;NA;1.002;NA;1.029;NA
7700;;;;;;No Dam;29;NA;0.022;NA;0.093;NA;1.006;NA;1.002;NA;1.029;NA
7710;;;;;;No Dam;28;NA;0.022;NA;0.111;NA;1.004;NA;1.002;NA;1.029;NA
7720;;;;;;No Dam;30;NA;0.293;NA;0.249;NA;1.003;NA;1.002;NA;1.029;NA
7730;;;;;;No Dam;31;NA;0.293;NA;0.213;NA;1.002;NA;1.002;NA;1.029;NA
7740;;;;;;No Dam;50;NA;0.087;NA;0.033;NA;1.002;NA;1.002;NA;1.029;NA
7750;;;;;;No Dam;49;NA;0.087;NA;0.145;NA;1.002;NA;1.002;NA;1.029;NA
7760;;;;;;No Dam;50;NA;0.291;NA;0.285;NA;1.002;NA;1.002;NA;1.029;NA
7770;;;;;;No Dam;49;NA;0.291;NA;0.313;NA;1.002;NA;1.002;NA;1.029;NA
7780;;;;;;No Dam;46;NA;0.259;NA;0.412;NA;1.002;NA;1.002;NA;1.029;NA
7790;;;;;;No Dam;44;NA;0.259;NA;0.696;NA;1.002;NA;1.002;NA;1.029;NA
7800;;;;;;No Dam;43;NA;1.118;NA;1.019;NA;1.002;NA;1.002;NA;1.029;NA
7810;;;;;;No Dam;42;NA;1.118;NA;0.841;NA;1.002;NA;1.002;NA;1.029;NA
7820;;;;;;No Dam;42;NA;0.567;NA;0.419;NA;1.002;NA;1.002;NA;1.029;NA
7830;;;;;;No Dam;40;NA;0.567;NA;0.771;NA;1.002;NA;1.002;NA;1.029;NA
7840;;;;;;No Dam;41;NA;1.187;NA;1.306;NA;1.002;NA;1.002;NA;1.029;NA
7850;;;;;;No Dam;41;NA;1.187;NA;2.19;NA;1.002;NA;1.002;NA;1.029;NA
7860;;;;;;No Dam;42;NA;2.123;NA;1.971;NA;1.003;NA;1.002;NA;1.029;NA
7861.904803;;;;;;Ice Dam;41;41;2.123;NA;1.276;NA;1.003;NA;1.002;NA;1.029;NA
7870;;;;;;No Dam;39;NA;1.241;NA;1.449;NA;1.002;NA;1.002;NA;1.029;NA
7880;dam17;6989362.31;564186.748;76.551;soknaicedamsurvy;No Dam;37;NA;1.241;1.241;1.198;1.198;1.002;1.002;1.002;1.002;1.029;1.29.
7881.580536;;;;;;Ice Dam;36;36;1.241;NA;1.779;NA;1.002;NA;1.002;NA;1.029;NA
7890;;;;;;No Dam;30;NA;1.622;NA;1.49;NA;1.001;NA;1.002;NA;1.029;NA
7900;dam16;6989376.678;564201.876;76.73;soknaicedamsurvy;No Dam;27;NA;1.622;1.622;1.605;1.605;1.001;1.001;1.002;1.002;1.029;1.29.
7910;;;;;;No Dam;29;NA;1.622;NA;1.448;NA;1;NA;1.002;NA;1.029;NA
7920;;;;;;No Dam;27;NA;2.943;NA;2.536;NA;1;NA;1.002;NA;1.029;NA
7930;;;;;;No Dam;30;NA;2.943;NA;2.214;NA;1;NA;1.002;NA;1.029;NA
7940;;;;;;No Dam;31;NA;1.341;NA;1.897;NA;1;NA;1.002;NA;1.029;NA
7950;;;;;;No Dam;32;NA;1.341;NA;1.519;NA;1;NA;1.002;NA;1.029;NA
7960;;;;;;No Dam;30;NA;1.284;NA;1.249;NA;1;NA;1.002;NA;1.029;NA
7970;;;;;;No Dam;30;NA;1.284;NA;1.054;NA;1;NA;1.002;NA;1.029;NA
7980;;;;;;No Dam;31;NA;0.381;NA;0.454;NA;1;NA;1.002;NA;1.029;NA
7990;;;;;;No Dam;32;NA;0.381;NA;0.63;NA;1;NA;1.002;NA;1.029;NA
8000;;;;;;No Dam;32;NA;0.834;NA;0.784;NA;1.001;NA;1.002;NA;1.029;NA
8010;;;;;;No Dam;32;NA;0.834;NA;0.775;NA;1.001;NA;1.002;NA;1.029;NA
8020;;;;;;No Dam;34;NA;0.722;NA;0.448;NA;1.001;NA;1.002;NA;1.029;NA
8030;;;;;;No Dam;34;NA;0.722;NA;0.431;NA;1.002;NA;1.002;NA;1.029;NA
8040;;;;;;No Dam;34;NA;0.408;NA;0.67;NA;1.002;NA;1.002;NA;1.029;NA
8050;;;;;;No Dam;34;NA;0.408;NA;0.632;NA;1.002;NA;1.002;NA;1.029;NA
8060;;;;;;No Dam;34;NA;0.762;NA;0.659;NA;1.002;NA;1.002;NA;1.029;NA
8070;;;;;;No Dam;37;NA;0.762;NA;0.737;NA;1.001;NA;1.002;NA;1.029;NA
8080;;;;;;No Dam;37;NA;0.733;NA;0.73;NA;1.001;NA;1.002;NA;1.023;NA
8090;;;;;;No Dam;38;NA;0.733;NA;0.808;NA;1.001;NA;1.002;NA;1.023;NA
8100;;;;;;No Dam;38;NA;0.855;NA;0.941;NA;1.001;NA;1.002;NA;1.023;NA
8110;;;;;;No Dam;36;NA;0.855;NA;0.701;NA;1.001;NA;1.002;NA;1.023;NA
8120;;;;;;No Dam;35;NA;0.704;NA;0.71;NA;1.001;NA;1.002;NA;1.023;NA
8130;;;;;;No Dam;34;NA;0.704;NA;0.717;NA;1.001;NA;1.002;NA;1.023;NA
8140;;;;;;No Dam;33;NA;0.826;NA;0.828;NA;1.002;NA;1.002;NA;1.023;NA
8150;;;;;;No Dam;32;NA;0.826;NA;0.889;NA;1.002;NA;1.002;NA;1.023;NA
8160;;;;;;No Dam;32;NA;0.813;NA;0.646;NA;1.002;NA;1.002;NA;1.023;NA
8170;;;;;;No Dam;32;NA;0.813;NA;1.022;NA;1.003;NA;1.002;NA;1.023;NA
8180;;;;;;No Dam;32;NA;0.939;NA;1.112;NA;1.003;NA;1.002;NA;1.023;NA
8190;;;;;;No Dam;33;NA;0.939;NA;0.879;NA;1.003;NA;1.002;NA;1.023;NA
8200;;;;;;No Dam;32;NA;1.05;NA;1.058;NA;1.004;NA;1.002;NA;1.023;NA
8210;;;;;;No Dam;32;NA;1.05;NA;0.927;NA;1.004;NA;1.002;NA;1.023;NA
8220;;;;;;No Dam;32;NA;0.684;NA;0.648;NA;1.005;NA;1.002;NA;1.023;NA
8230;;;;;;No Dam;33;NA;0.684;NA;0.272;NA;1.005;NA;1.002;NA;1.023;NA
8240;;;;;;No Dam;36;NA;0.212;NA;0.205;NA;1.005;NA;1.002;NA;1.023;NA
8250;;;;;;No Dam;39;NA;0.212;NA;0.377;NA;1.005;NA;1.002;NA;1.023;NA
8260;;;;;;No Dam;44;NA;0.25;NA;0.258;NA;1.004;NA;1.002;NA;1.023;NA
8270;;;;;;No Dam;50;NA;0.25;NA;0.29;NA;1.003;NA;1.002;NA;1.023;NA
8280;;;;;;No Dam;49;NA;0.45;NA;0.41;NA;1.003;NA;1.002;NA;1.023;NA
8290;;;;;;No Dam;49;NA;0.45;NA;0.514;NA;1.002;NA;1.002;NA;1.023;NA
8300;;;;;;No Dam;49;NA;0.453;NA;0.454;NA;1.002;NA;1.002;NA;1.023;NA
8310;;;;;;No Dam;48;NA;0.453;NA;0.428;NA;1.002;NA;1.002;NA;1.023;NA
8320;;;;;;No Dam;45;NA;0.504;NA;0.547;NA;1.002;NA;1.002;NA;1.023;NA
8330;;;;;;No Dam;45;NA;0.504;NA;0.689;NA;1.002;NA;1.002;NA;1.023;NA
8340;;;;;;No Dam;45;NA;0.442;NA;0.447;NA;1.002;NA;1.002;NA;1.023;NA
8350;;;;;;No Dam;46;NA;0.442;NA;0.275;NA;1.002;NA;1.002;NA;1.023;NA
8360;;;;;;No Dam;44;NA;0.445;NA;0.45;NA;1.001;NA;1.002;NA;1.023;NA
8370;;;;;;No Dam;42;NA;0.445;NA;0.605;NA;1.001;NA;1.002;NA;1.023;NA
8380;;;;;;No Dam;40;NA;0.624;NA;0.631;NA;1.001;NA;1.001;NA;1.023;NA
8388.941699;;;;;;Ice Dam;39;39;0.624;NA;0.666;NA;1.001;NA;1.001;NA;1.023;NA
8390;;;;;;No Dam;40;NA;0.856;NA;0.892;NA;1;NA;1.001;NA;1.023;NA
8400;dam13;6989677.708;564602.139;70.4;soknaicedamsurvy;No Dam;40;NA;0.856;0.856;0.926;0.926;1.001;1.001;1.001;1.001;1.023;1.23.
8410;;;;;;No Dam;42;NA;0.856;NA;0.877;NA;1.001;NA;1.001;NA;1.023;NA
8420;;;;;;No Dam;42;NA;0.808;NA;0.816;NA;1.001;NA;1.001;NA;1.023;NA
8430;;;;;;No Dam;44;NA;0.808;NA;0.529;NA;1.001;NA;1.001;NA;1.023;NA
8440;;;;;;No Dam;50;NA;0.799;NA;0.774;NA;1.001;NA;1.001;NA;1.023;NA
8450;;;;;;No Dam;51;NA;0.799;NA;0.723;NA;1.001;NA;1.001;NA;1.023;NA
8460;;;;;;No Dam;53;NA;0.4;NA;0.462;NA;1.002;NA;1.001;NA;1.023;NA
8470;;;;;;No Dam;56;NA;0.4;NA;0.433;NA;1.003;NA;1.001;NA;1.023;NA
8480;;;;;;No Dam;57;NA;0.642;NA;0.551;NA;1.003;NA;1.001;NA;1.023;NA
8490;;;;;;No Dam;65;NA;0.642;NA;0.789;NA;1.004;NA;1.001;NA;1.023;NA
8500;;;;;;No Dam;67;NA;0.934;NA;0.853;NA;1.005;NA;1.001;NA;1.023;NA
8510;;;;;;No Dam;63;NA;0.934;NA;1.098;NA;1.006;NA;1.001;NA;1.023;NA
8520;;;;;;No Dam;61;NA;0.936;NA;1.003;NA;1.006;NA;1.003;NA;1.023;NA
8530;;;;;;No Dam;62;NA;0.936;NA;0.81;NA;1.005;NA;1.003;NA;1.023;NA
8540;;;;;;No Dam;61;NA;0.928;NA;0.938;NA;1.005;NA;1.003;NA;1.023;NA
8550;;;;;;No Dam;40;NA;0.928;NA;1.181;NA;1.006;NA;1.003;NA;1.023;NA
8560;;;;;;No Dam;36;NA;1.661;NA;1.678;NA;1.006;NA;1.003;NA;1.023;NA
8564.169611;;;;;;Ice Dam;34;34;1.661;NA;1.872;NA;1.005;NA;1.003;NA;1.023;NA
8570;;;;;;No Dam;32;NA;1.971;NA;1.908;NA;1.003;NA;1.003;NA;1.023;NA
8580;dam12;6989745.397;564756.983;67.045;soknaicedamsurvy;No Dam;42;NA;1.971;1.971;1.144;1.144;1.003;1.003;1.003;1.003;1.023;1.23.
8590;;;;;;No Dam;33;NA;1.971;NA;1.149;NA;1.002;NA;1.003;NA;1.023;NA
8600;;;;;;No Dam;28;NA;0.07;NA;0.07;NA;1.002;NA;1.003;NA;1.023;NA
8610;;;;;;No Dam;30;NA;0.07;NA;0.07;NA;1.002;NA;1.003;NA;1.023;NA
8620;;;;;;No Dam;34;NA;0.056;NA;0.056;NA;1.002;NA;1.003;NA;1.023;NA
8630;;;;;;No Dam;40;NA;0.056;NA;0.033;NA;1.002;NA;1.003;NA;1.023;NA
8640;;;;;;No Dam;43;NA;0.041;NA;0.037;NA;1.002;NA;1.003;NA;1.023;NA
8650;;;;;;No Dam;60;NA;0.041;NA;0.097;NA;1.002;NA;1.003;NA;1.023;NA
8660;;;;;;No Dam;59;NA;0.078;NA;0.078;NA;1.006;NA;1.026;NA;1.023;NA
8670;;;;;;No Dam;63;NA;0.078;NA;0.214;NA;1.016;NA;1.026;NA;1.023;NA
8680;;;;;;No Dam;63;NA;0.107;NA;0.107;NA;1.022;NA;1.026;NA;1.023;NA
8690;;;;;;No Dam;66;NA;0.107;NA;0.011;NA;1.024;NA;1.026;NA;1.023;NA
8700;;;;;;No Dam;64;NA;0.071;NA;0.071;NA;1.025;NA;1.026;NA;1.023;NA
8710;;;;;;No Dam;64;NA;0.071;NA;0.379;NA;1.025;NA;1.026;NA;1.023;NA
8720;;;;;;No Dam;64;NA;0.68;NA;0.666;NA;1.026;NA;1.026;NA;1.023;NA
8730;;;;;;No Dam;57;NA;0.68;NA;0.787;NA;1.025;NA;1.026;NA;1.009;NA
8731.062038;;;;;;Ice Dam;57;57;0.969;NA;0.992;NA;1.023;NA;1.026;NA;1.009;NA
8740;;;;;;No Dam;56;NA;1.518;NA;1.391;NA;1.021;NA;1.026;NA;1.009;NA
8750;dam10;6989779.178;564923.331;67.916;soknaicedamsurvy;No Dam;53;NA;1.518;1.518;1.321;1.321;1.021;1.021;1.026;1.026;1.009;1.9.
8760;;;;;;No Dam;51;NA;1.518;NA;1.529;NA;1.019;NA;1.026;NA;1.009;NA
8770;;;;;;No Dam;50;NA;0.928;NA;1.587;NA;1.016;NA;1.026;NA;1.009;NA
8780;;;;;;No Dam;47;NA;0.928;NA;0.927;NA;1.013;NA;1.026;NA;1.009;NA
8790;;;;;;No Dam;47;NA;0.804;NA;0.713;NA;1.009;NA;1.026;NA;1.009;NA
8800;;;;;;No Dam;45;NA;0.804;NA;0.803;NA;1.006;NA;1.002;NA;1.009;NA
8801.850525;;;;;;Ice Dam;45;45;0.795;NA;0.919;NA;1.004;NA;1.002;NA;1.009;NA
8810;;;;;;No Dam;44;NA;0.795;NA;0.795;NA;1.002;NA;1.002;NA;1.009;NA
8820;dam9;6989804.205;564986.517;65.89;soknaicedamsurvy;No Dam;44;NA;0.795;0.795;0.862;0.862;1.002;1.002;1.002;1.002;1.009;1.9.
8830;;;;;;No Dam;45;NA;1.612;NA;0.798;NA;1.001;NA;1.002;NA;1.009;NA
8840;;;;;;No Dam;44;NA;1.612;NA;1.626;NA;1.001;NA;1.002;NA;1.009;NA
8850;;;;;;No Dam;44;NA;1.182;NA;1.64;NA;1.001;NA;1.002;NA;1.009;NA
8860;;;;;;No Dam;44;NA;1.182;NA;1.272;NA;1.002;NA;1.002;NA;1.009;NA
8870;;;;;;No Dam;44;NA;0.079;NA;0.492;NA;1.002;NA;1.002;NA;1.009;NA
8880;;;;;;No Dam;45;NA;0.079;NA;0.08;NA;1.002;NA;1.002;NA;1.009;NA
8890;;;;;;No Dam;46;NA;0.235;NA;0.044;NA;1.002;NA;1.002;NA;1.009;NA
8900;;;;;;No Dam;47;NA;0.235;NA;0.237;NA;1.002;NA;1.002;NA;1.009;NA
8910;;;;;;No Dam;47;NA;0.186;NA;0.249;NA;1.002;NA;1.002;NA;1.009;NA
8920;;;;;;No Dam;48;NA;0.186;NA;0.159;NA;1.002;NA;1.002;NA;1.009;NA
8930;;;;;;No Dam;48;NA;0.305;NA;0.196;NA;1.002;NA;1.002;NA;1.009;NA
8940;;;;;;No Dam;47;NA;0.305;NA;0.336;NA;1.002;NA;1.002;NA;1.009;NA
8950;;;;;;No Dam;46;NA;0.582;NA;0.581;NA;1.001;NA;1.002;NA;1.005;NA
8960;;;;;;No Dam;48;NA;0.582;NA;0.382;NA;1.001;NA;1.002;NA;1.005;NA
8970;;;;;;No Dam;52;NA;0.149;NA;0.217;NA;1.001;NA;1.002;NA;1.005;NA
8980;;;;;;No Dam;53;NA;0.149;NA;0.02;NA;1.001;NA;1.002;NA;1.005;NA
8990;;;;;;No Dam;54;NA;0.315;NA;0.223;NA;1.001;NA;1.002;NA;1.005;NA
9000;;;;;;No Dam;56;NA;0.315;NA;0.318;NA;1.002;NA;1.002;NA;1.005;NA
9010;;;;;;No Dam;57;NA;0.241;NA;0.119;NA;1.002;NA;1.002;NA;1.005;NA
9020;;;;;;No Dam;58;NA;0.241;NA;0.244;NA;1.002;NA;1.002;NA;1.005;NA
9030;;;;;;No Dam;60;NA;0.346;NA;0.479;NA;1.002;NA;1.002;NA;1.005;NA
9040;;;;;;No Dam;60;NA;0.346;NA;0.469;NA;1.003;NA;1.002;NA;1.005;NA
9050;;;;;;No Dam;60;NA;0.493;NA;0.407;NA;1.003;NA;1.002;NA;1.005;NA
9060;;;;;;No Dam;59;NA;0.493;NA;0.486;NA;1.003;NA;1.002;NA;1.005;NA
9070;;;;;;No Dam;59;NA;0.371;NA;0.661;NA;1.003;NA;1.002;NA;1.005;NA
9080;;;;;;No Dam;58;NA;0.371;NA;0.225;NA;1.002;NA;1.001;NA;1.005;NA
9090;;;;;;No Dam;57;NA;0.276;NA;0.14;NA;1.002;NA;1.001;NA;1.005;NA
9100;;;;;;No Dam;57;NA;0.276;NA;0.277;NA;1.002;NA;1.001;NA;1.005;NA
9110;;;;;;No Dam;57;NA;1.345;NA;1.147;NA;1.001;NA;1.001;NA;1.005;NA
9120;;;;;;No Dam;55;NA;1.345;NA;1.312;NA;1.001;NA;1.001;NA;1.005;NA
9130;;;;;;No Dam;53;NA;1.36;NA;1.327;NA;1.001;NA;1.001;NA;1.005;NA
9135.690607;;;;;;Ice Dam;53;53;1.36;NA;1.795;NA;1.001;NA;1.001;NA;1.005;NA
9140;;;;;;No Dam;52;NA;1.13;NA;1.289;NA;1.001;NA;1.001;NA;1.005;NA
9150;dam8;6989910.99;565301.592;64.16;soknaicedamsurvy;No Dam;50;NA;1.13;1.13;1.28;1.28;1.001;1.001;1.001;1.001;1.005;1.5.
9160;;;;;;No Dam;50;NA;1.13;NA;0.747;NA;1.001;NA;1.001;NA;1.005;NA
9163.245977;;;;;;Ice Dam;49;49;0.505;NA;0.739;NA;1.002;NA;1.001;NA;1.005;NA
9170;;;;;;No Dam;49;NA;0.505;NA;0.508;NA;1.003;NA;1.001;NA;1.005;NA
9180;dam7;6989920.622;565327.521;63.977;soknaicedamsurvy;No Dam;49;NA;0.505;0.505;0.089;0.089;1.003;1.003;1.001;1.001;1.005;1.5.
9190;;;;;;No Dam;50;NA;1.12;NA;0.951;NA;1.005;NA;1.001;NA;1.005;NA
9197.167055;;;;;;Ice Dam;49;49;1.12;NA;1.276;NA;1.009;NA;1.001;NA;1.005;NA
9200;;;;;;No Dam;49;NA;0.498;NA;0.6;NA;1.012;NA;1.001;NA;1.005;NA
9210;dam6;6989933.93;565356.363;64.403;soknaicedamsurvy;No Dam;49;NA;0.498;0.498;0.285;0.285;1.013;1.013;1.044;1.044;1.074;1.74.
9220;;;;;;No Dam;49;NA;0.498;NA;0.351;NA;1.015;NA;1.044;NA;1.074;NA
9230;;;;;;No Dam;49;NA;0.437;NA;0.679;NA;1.023;NA;1.044;NA;1.074;NA
9240;;;;;;No Dam;49;NA;0.437;NA;0.492;NA;1.027;NA;1.044;NA;1.074;NA
9250;;;;;;No Dam;48;NA;0.533;NA;0.414;NA;1.029;NA;1.044;NA;1.074;NA
9260;;;;;;No Dam;47;NA;0.533;NA;0.538;NA;1.036;NA;1.044;NA;1.074;NA
9270;;;;;;No Dam;47;NA;1.125;NA;0.622;NA;1.042;NA;1.044;NA;1.074;NA
9280;;;;;;No Dam;47;NA;1.125;NA;1.112;NA;1.045;NA;1.044;NA;1.074;NA
9290;;;;;;No Dam;48;NA;0.986;NA;1.495;NA;1.052;NA;1.044;NA;1.074;NA
9292.620808;;;;;;Ice Dam;48;48;0.986;NA;0.961;NA;1.055;NA;1.044;NA;1.074;NA
9300;;;;;;No Dam;48;NA;1.193;NA;0.947;NA;1.054;NA;1.044;NA;1.074;NA
9310;icedam4;6989955.52;565441.816;64.923;soknaicedamsurvy;No Dam;48;NA;1.193;1.193;1.008;1.008;1.054;1.054;1.044;1.044;1.074;1.74.
9320;;;;;;No Dam;48;NA;1.193;NA;1.193;NA;1.05;NA;1.044;NA;1.074;NA
9330;;;;;;No Dam;47;NA;0.717;NA;0.795;NA;1.045;NA;1.044;NA;1.074;NA
9340;;;;;;No Dam;45;NA;0.717;NA;0.773;NA;1.04;NA;1.044;NA;1.074;NA
9350;;;;;;No Dam;40;NA;2.66;NA;1.58;NA;1.031;NA;1.059;NA;1.074;NA
9356.255218;;;;;;Ice Dam;38;38;2.66;NA;2.543;NA;1.021;NA;1.059;NA;1.074;NA
9360;;;;;;No Dam;37;NA;2.244;NA;1.88;NA;1.019;NA;1.059;NA;1.074;NA
9370;icedamc2;6989924.131;565493.036;63.932;soknaicedamsurvy;No Dam;33;NA;2.244;2.244;2.777;2.777;1.019;1.019;1.059;1.059;1.074;1.74.
9380;;;;;;No Dam;29;NA;2.244;NA;2.2;NA;1.019;NA;1.059;NA;1.074;NA
9387.228882;;;;;;Ice Dam;27;27;0.767;NA;2.239;NA;1.018;NA;1.059;NA;1.057;NA
9390;;;;;;No Dam;27;NA;0.767;NA;0.774;NA;1.027;NA;1.059;NA;1.057;NA
9400;icedam1;6989896.707;565512.668;63.234;soknaicedamsurvy;No Dam;28;NA;0.767;0.767;0.682;0.682;1.038;1.038;1.059;1.059;1.057;1.57.
9410;;;;;;No Dam;32;NA;NA;NA;0.821;NA;1.044;NA;1.059;NA;1.057;NA
9420;;;;;;No Dam;29;NA;NA;NA;NA;NA;1.059;NA;1.059;NA;1.057;NA.
9430;;;;;;No Dam;29;NA;NA;NA;NA;NA;1.061;NA;1.059;NA;1.057;NA.
9440;;;;;;No Dam;36;NA;NA;NA;NA;NA;1.06;NA;1.059;NA;1.057;NA.
9450;;;;;;No Dam;42;NA;0.125;NA;NA;NA;1.059;NA;1.059;NA;1.057;NA
9460;;;;;;No Dam;40;NA;0.125;NA;0.129;NA;1.055;NA;1.059;NA;1.057;NA
;;;;;;;;;0.128;NA;0.121;NA;1.049;NA;1.059;NA;1.057;NA
;;;;;;;;;0.128;NA;0.137;NA;1.041;NA;1.059;NA;1.057;NA
